Date,Price,Max Price,15% drop,10% drop,5% drop,2% drop
2021-11-23,299.4822656584246,0,0,0,0,0
2021-11-23,287.407134857814,299.4822656584246,0,0,0,9
2021-11-24,297.0863922119141,299.4822656584246,0,0,0,0
2021-11-24,287.4550547435693,299.4822656584246,0,0,0,9
2021-11-25,296.1280016254304,299.4822656584246,0,0,0,0
2021-11-25,282.7111989627895,299.4822656584246,0,0,18,0
2021-11-26,288.3175694413143,299.4822656584246,0,0,0,9
2021-11-26,266.4673260337988,299.4822656584246,0,38,0,0
2021-11-29,285.9217417833447,299.4822656584246,0,0,0,9
2021-11-29,258.7047967342409,299.4822656584246,0,39,0,0
2021-11-30,285.5862568867167,299.4822656584246,0,0,0,9
2021-11-30,249.0733772542869,299.4822656584246,80,0,0,0
2021-12-01,303.6510222085777,0,0,0,0,0
2021-12-01,283.8133080052787,303.6510222085777,0,0,18,0
2021-12-02,316.157402389548,0,0,0,0,0
2021-12-02,292.2946635733167,316.157402389548,0,0,17,0
2021-12-03,301.8302178759794,316.157402389548,0,0,0,8
2021-12-03,279.8841340837419,316.157402389548,0,36,0,0
2021-12-06,295.1697359386243,316.157402389548,0,0,17,0
2021-12-06,282.85501870361,316.157402389548,0,35,0,0
2021-12-07,292.2946899618556,316.157402389548,0,0,17,0
2021-12-07,280.3153993896484,316.157402389548,0,36,0,0
2021-12-08,304.0344147493054,316.157402389548,0,0,0,8
2021-12-08,282.7591815931441,316.157402389548,0,35,0,0
2021-12-09,300.967670794564,316.157402389548,0,0,0,8
2021-12-09,287.50296050924,316.157402389548,0,0,17,0
2021-12-10,301.8781195595926,316.157402389548,0,0,0,8
2021-12-10,287.7425568183101,316.157402389548,0,0,17,0
2021-12-13,306.6698521835646,316.157402389548,0,0,0,8
2021-12-13,288.6050753541132,316.157402389548,0,0,17,0
2021-12-14,301.8781511688712,316.157402389548,0,0,0,8
2021-12-14,290.6655224269289,316.157402389548,0,0,17,0
2021-12-15,306.6218905098331,316.157402389548,0,0,0,8
2021-12-15,278.9257511645213,316.157402389548,0,36,0,0
2021-12-16,301.398890438572,316.157402389548,0,0,0,8
2021-12-16,287.5029161576203,316.157402389548,0,0,17,0
2021-12-17,305.0885561718561,316.157402389548,0,0,0,8
2021-12-17,276.865337917652,316.157402389548,0,36,0,0
2021-12-20,315.2949104812489,316.157402389548,0,0,0,0
2021-12-20,279.9799579717005,316.157402389548,0,36,0,0
2021-12-21,303.1239184581996,316.157402389548,0,0,0,8
2021-12-21,284.2445764609737,316.157402389548,0,35,0,0
2021-12-22,296.1279860927614,316.157402389548,0,0,17,0
2021-12-22,284.627870127994,316.157402389548,0,0,18,0
2021-12-23,295.6488823574438,316.157402389548,0,0,17,0
2021-12-23,271.2111303311397,316.157402389548,0,37,0,0
2021-12-24,287.3592122559571,316.157402389548,0,0,17,0
2021-12-24,278.2070172154764,316.157402389548,0,36,0,0
2021-12-27,288.6530209961984,316.157402389548,0,0,17,0
2021-12-27,278.0633097142139,316.157402389548,0,36,0,0
2021-12-28,291.3363561431401,316.157402389548,0,0,17,0
2021-12-28,281.56124302139,316.157402389548,0,36,0,0
2021-12-29,291.6238312203856,316.157402389548,0,0,17,0
2021-12-29,280.7945644930694,316.157402389548,0,36,0,0
2021-12-30,293.013367096101,316.157402389548,0,0,17,0
2021-12-30,277.9194651115922,316.157402389548,0,36,0,0
2021-12-31,286.3050224306,316.157402389548,0,0,17,0
2021-12-31,280.7945491955341,316.157402389548,0,36,0,0
2022-01-03,287.4550376389822,316.157402389548,0,0,17,0
2022-01-03,280.6028607647723,316.157402389548,0,36,0,0
2022-01-04,288.4612925850105,316.157402389548,0,0,17,0
2022-01-04,273.6069735316295,316.157402389548,0,37,0,0
2022-01-05,284.5800048864697,316.157402389548,0,0,18,0
2022-01-05,269.7256863331337,316.157402389548,0,37,0,0
2022-01-06,277.8716417093418,316.157402389548,0,36,0,0
2022-01-06,268.3361145129449,316.157402389548,75,0,0,0
2022-01-07,277.7757694751391,316.157402389548,0,36,0,0
2022-01-07,270.7319414328451,316.157402389548,0,37,0,0
2022-01-10,279.788291474053,316.157402389548,0,36,0,0
2022-01-10,270.3965111525028,316.157402389548,0,37,0,0
2022-01-11,290.3779968717055,316.157402389548,0,0,17,0
2022-01-11,273.3194991830485,316.157402389548,0,37,0,0
2022-01-12,292.2946269916756,316.157402389548,0,0,17,0
2022-01-12,280.7945105198719,316.157402389548,0,36,0,0
2022-01-13,286.7842311879392,316.157402389548,0,0,17,0
2022-01-13,271.7861644621273,316.157402389548,0,37,0,0
2022-01-14,317.2594176369547,0,0,0,0,0
2022-01-14,275.90692574924,317.2594176369547,0,36,0,0
2022-01-17,322.0033322197388,0,0,0,0,0
2022-01-17,309.06569833591,322.0033322197388,0,0,0,8
2022-01-18,316.4448940597687,322.0033322197388,0,0,0,0
2022-01-18,302.9322508958685,322.0033322197388,0,0,17,0
2022-01-19,314.6719691570895,322.0033322197388,0,0,0,8
2022-01-19,297.0863670638845,322.0033322197388,0,0,17,0
2022-01-20,308.9698688577318,322.0033322197388,0,0,0,8
2022-01-20,297.0864179874952,322.0033322197388,0,0,17,0
2022-01-21,295.5530692629795,322.0033322197388,0,0,17,0
2022-01-21,282.7112748317498,322.0033322197388,0,35,0,0
2022-01-24,289.7550369586592,322.0033322197388,0,35,0,0
2022-01-24,268.4319033645329,322.0033322197388,75,0,0,0
2022-01-25,299.0030727562122,322.0033322197388,0,0,17,0
2022-01-25,265.8443928128312,322.0033322197388,75,0,0,0
2022-01-27,311.2698933304879,322.0033322197388,0,0,0,8
2022-01-27,263.5923139733651,322.0033322197388,76,0,0,0
2022-01-28,326.842892052431,0,0,0,0,0
2022-01-28,285.5862346218576,326.842892052431,0,35,0,0
2022-01-31,300.9197450156753,326.842892052431,0,0,17,0
2022-01-31,290.7133964559665,326.842892052431,0,34,0,0
2022-02-01,300.5843344605458,326.842892052431,0,0,17,0
2022-02-01,287.8383817843844,326.842892052431,0,35,0,0
2022-02-02,302.3093463071594,326.842892052431,0,0,17,0
2022-02-02,292.3425545476769,326.842892052431,0,34,0,0
2022-02-03,301.8781416701762,326.842892052431,0,0,17,0
2022-02-03,290.3780219875028,326.842892052431,0,34,0,0
2022-02-04,298.8113985907447,326.842892052431,0,0,17,0
2022-02-04,287.50296050924,326.842892052431,0,35,0,0
2022-02-07,294.3550765777978,326.842892052431,0,0,17,0
2022-02-07,280.7945275960558,326.842892052431,0,36,0,0
2022-02-08,294.2592301497894,326.842892052431,0,0,17,0
2022-02-08,277.2486405298332,326.842892052431,72,0,0,0
2022-02-09,301.8780828591445,326.842892052431,0,0,17,0
2022-02-09,278.1111851770124,326.842892052431,0,36,0,0
2022-02-10,301.7822908636283,326.842892052431,0,0,17,0
2022-02-10,278.8778924847616,326.842892052431,0,36,0,0
2022-02-11,291.3362998954406,326.842892052431,0,34,0,0
2022-02-11,279.7882773382408,326.842892052431,0,36,0,0
2022-02-14,291.3841558956288,326.842892052431,0,34,0,0
2022-02-14,257.6505023389419,326.842892052431,78,0,0,0
2022-02-15,277.8236736023253,326.842892052431,0,36,0,0
2022-02-15,264.646455277181,326.842892052431,76,0,0,0
2022-02-16,291.1926070907278,326.842892052431,0,34,0,0
2022-02-16,271.1153039786466,326.842892052431,74,0,0,0
2022-02-17,281.657080471843,326.842892052431,0,36,0,0
2022-02-17,269.2465527053815,326.842892052431,74,0,0,0
2022-02-18,290.3779849403783,326.842892052431,0,34,0,0
2022-02-18,268.4319318618037,326.842892052431,75,0,0,0
2022-02-21,282.6153893569232,326.842892052431,0,35,0,0
2022-02-21,268.3360822574838,326.842892052431,75,0,0,0
2022-02-22,281.7528824078988,326.842892052431,0,35,0,0
2022-02-22,228.0856667111562,326.842892052431,88,0,0,0
2022-02-23,278.8779055489156,326.842892052431,0,36,0,0
2022-02-23,266.4673478818031,326.842892052431,75,0,0,0
2022-02-24,277.9194962184741,326.842892052431,0,36,0,0
2022-02-24,258.7526344103035,326.842892052431,77,0,0,0
2022-02-25,276.9612568846337,326.842892052431,72,0,0,0
2022-02-25,258.7527313455055,326.842892052431,77,0,0,0
2022-02-28,273.3194631073528,326.842892052431,73,0,0,0
2022-02-28,230.5773551093047,326.842892052431,87,0,0,0
2022-03-02,290.3779783213544,326.842892052431,0,34,0,0
2022-03-02,263.5922752232194,326.842892052431,76,0,0,0
2022-03-03,281.6570250806236,326.842892052431,0,36,0,0
2022-03-03,264.6943701293997,326.842892052431,76,0,0,0
2022-03-04,274.7570413316999,326.842892052431,73,0,0,0
2022-03-04,267.4256915422717,326.842892052431,75,0,0,0
2022-03-07,273.9423932821029,326.842892052431,73,0,0,0
2022-03-07,258.7526486159418,326.842892052431,77,0,0,0
2022-03-08,284.052904695973,326.842892052431,0,35,0,0
2022-03-08,266.2277162011594,326.842892052431,75,0,0,0
2022-03-09,276.6258154398382,326.842892052431,72,0,0,0
2022-03-09,268.3361509126922,326.842892052431,75,0,0,0
2022-03-10,293.2050507941452,326.842892052431,0,34,0,0
2022-03-10,264.8859977658065,326.842892052431,76,0,0,0
2022-03-11,276.0507020921391,326.842892052431,72,0,0,0
2022-03-11,267.8089753117874,326.842892052431,75,0,0,0
2022-03-14,275.2840562215072,326.842892052431,73,0,0,0
2022-03-14,269.7256779249583,326.842892052431,74,0,0,0
2022-03-15,292.7738914780756,326.842892052431,0,34,0,0
2022-03-15,268.6236275201458,326.842892052431,74,0,0,0
2022-03-16,280.6508311695295,326.842892052431,0,36,0,0
2022-03-16,271.2111441544661,326.842892052431,74,0,0,0
2022-03-17,279.8841250235924,326.842892052431,0,36,0,0
2022-03-17,274.0861602551815,326.842892052431,73,0,0,0
2022-03-21,286.4967341601001,326.842892052431,0,35,0,0
2022-03-21,268.3361173749478,326.842892052431,75,0,0,0
2022-03-22,292.2946539088331,326.842892052431,0,34,0,0
2022-03-22,273.6548683790732,326.842892052431,73,0,0,0
2022-03-23,292.0550454424722,326.842892052431,0,34,0,0
2022-03-23,287.4070757855123,326.842892052431,0,35,0,0
2022-03-24,292.2946141045056,326.842892052431,0,34,0,0
2022-03-24,277.8236289995785,326.842892052431,0,36,0,0
2022-03-25,293.2529880951004,326.842892052431,0,34,0,0
2022-03-25,282.7591194696437,326.842892052431,0,35,0,0
2022-03-28,316.2052863867434,326.842892052431,0,0,0,8
2022-03-28,289.4195876825051,326.842892052431,0,35,0,0
2022-03-29,309.3052947380282,326.842892052431,0,0,16,0
2022-03-29,293.3009502056519,326.842892052431,0,34,0,0
2022-03-30,320.0866670801429,326.842892052431,0,0,0,8
2022-03-30,288.4134322307693,326.842892052431,0,35,0,0
2022-03-31,339.5888406593775,0,0,0,0,0
2022-03-31,310.0239538904263,339.5888406593775,0,0,16,0
2022-04-01,353.5807530812418,0,0,0,0,0
2022-04-01,330.9159118668671,353.5807530812418,0,0,15,0
2022-04-04,357.078689549506,0,0,0,0,0
2022-04-04,325.7408545632778,357.078689549506,0,0,15,0
2022-04-05,344.9556211062324,357.078689549506,0,0,0,7
2022-04-05,327.8012556939091,357.078689549506,0,0,15,0
2022-04-06,335.4679799978319,357.078689549506,0,0,15,0
2022-04-06,327.8012354368525,357.078689549506,0,0,15,0
2022-04-07,337.9117723744298,357.078689549506,0,0,15,0
2022-04-07,325.8845492966076,357.078689549506,0,0,15,0
2022-04-08,337.3368219866072,357.078689549506,0,0,15,0
2022-04-08,328.711732788086,357.078689549506,0,0,15,0
2022-04-11,362.253676949849,0,0,0,0,0
2022-04-11,335.4200712498602,362.253676949849,0,0,15,0
2022-04-12,358.8995716878123,362.253676949849,0,0,0,0
2022-04-12,336.6180896003847,362.253676949849,0,0,15,0
2022-04-13,352.8140210779708,362.253676949849,0,0,0,7
2022-04-13,336.4263475376704,362.253676949849,0,0,15,0
2022-04-18,345.0035442293218,362.253676949849,0,0,0,7
2022-04-18,330.436716218892,362.253676949849,0,0,15,0
2022-04-19,348.7410349189068,362.253676949849,0,0,0,7
2022-04-19,334.5575692792363,362.253676949849,0,0,15,0
2022-04-20,352.622349583585,362.253676949849,0,0,0,7
2022-04-20,343.3743154225995,362.253676949849,0,0,15,0
2022-04-21,375.766312516689,0,0,0,0,0
2022-04-21,340.8346969466335,375.766312516689,0,0,15,0
2022-04-22,357.414112480334,375.766312516689,0,0,0,7
2022-04-22,337.3368104979129,375.766312516689,0,30,0,0
2022-04-25,348.6931673207195,375.766312516689,0,0,14,0
2022-04-25,337.4805405631975,375.766312516689,0,30,0,0
2022-04-26,358.2766304398188,375.766312516689,0,0,0,7
2022-04-26,342.9910438791305,375.766312516689,0,0,15,0
2022-04-27,359.2828571654156,375.766312516689,0,0,0,7
2022-04-27,341.7930938951625,375.766312516689,0,0,15,0
2022-04-28,359.3786644163781,375.766312516689,0,0,0,7
2022-04-28,345.003517839723,375.766312516689,0,0,14,0
2022-04-29,348.6931979243566,375.766312516689,0,0,14,0
2022-04-29,341.4576888273936,375.766312516689,0,0,15,0
2022-05-02,354.5390284524586,375.766312516689,0,0,14,0
2022-05-02,339.2534448733422,375.766312516689,0,0,15,0
2022-05-04,347.4473084679364,375.766312516689,0,0,14,0
2022-05-04,300.0093210227844,375.766312516689,67,0,0,0
2022-05-05,335.5638524828743,375.766312516689,0,30,0,0
2022-05-05,316.2532436087537,375.766312516689,63,0,0,0
2022-05-06,333.024297006278,375.766312516689,0,30,0,0
2022-05-06,303.3635601499261,375.766312516689,66,0,0,0
2022-05-09,324.35126866083,375.766312516689,0,31,0,0
2022-05-09,306.4302390713455,375.766312516689,65,0,0,0
2022-05-10,321.0929401561593,375.766312516689,0,31,0,0
2022-05-10,311.4616008141271,375.766312516689,64,0,0,0
2022-05-11,312.8031742525507,375.766312516689,64,0,0,0
2022-05-11,303.0280924221548,375.766312516689,66,0,0,0
2022-05-12,309.6407215447795,375.766312516689,65,0,0,0
2022-05-12,291.7196903986945,375.766312516689,69,0,0,0
2022-05-13,310.8865024291839,375.766312516689,64,0,0,0
2022-05-13,292.294651741449,375.766312516689,68,0,0,0
2022-05-16,312.4198799885429,375.766312516689,64,0,0,0
2022-05-16,292.6300989612307,375.766312516689,68,0,0,0
2022-05-17,311.4136253883331,375.766312516689,64,0,0,0
2022-05-17,300.057252952752,375.766312516689,67,0,0,0
2022-05-18,323.8241184028996,375.766312516689,0,31,0,0
2022-05-18,304.7051916510978,375.766312516689,66,0,0,0
2022-05-19,325.7887750907993,375.766312516689,0,31,0,0
2022-05-19,306.6698169893447,375.766312516689,65,0,0,0
2022-05-20,334.4618268199475,375.766312516689,0,30,0,0
2022-05-20,308.1073848785476,375.766312516689,65,0,0,0
2022-05-23,320.6136630257477,375.766312516689,0,31,0,0
2022-05-23,301.8780676674504,375.766312516689,66,0,0,0
2022-05-24,309.3052865038437,375.766312516689,65,0,0,0
2022-05-24,290.3780071593017,375.766312516689,69,0,0,0
2022-05-25,297.7572190583339,375.766312516689,67,0,0,0
2022-05-25,240.2566172398499,375.766312516689,83,0,0,0
2022-05-26,293.2051429665299,375.766312516689,68,0,0,0
2022-05-26,268.2882172826989,375.766312516689,75,0,0,0
2022-05-27,300.7760447410682,375.766312516689,66,0,0,0
2022-05-27,273.2715808641292,375.766312516689,73,0,0,0
2022-05-30,306.6219607963851,375.766312516689,65,0,0,0
2022-05-30,286.0175791567416,375.766312516689,70,0,0,0
2022-05-31,301.8781269460484,375.766312516689,66,0,0,0
2022-05-31,288.1258953136876,375.766312516689,69,0,0,0
2022-06-01,310.5031740357362,375.766312516689,64,0,0,0
2022-06-01,298.0447133491171,375.766312516689,67,0,0,0
2022-06-02,315.2948534254626,375.766312516689,63,0,0,0
2022-06-02,300.0572052641927,375.766312516689,67,0,0,0
2022-06-03,304.6093814599884,375.766312516689,66,0,0,0
2022-06-03,298.0447249172117,375.766312516689,67,0,0,0
2022-06-06,321.044936696437,375.766312516689,0,31,0,0
2022-06-06,301.5905835742516,375.766312516689,66,0,0,0
2022-06-07,324.6866261087708,375.766312516689,0,31,0,0
2022-06-07,311.6531835253607,375.766312516689,64,0,0,0
2022-06-08,323.8720430982342,375.766312516689,0,31,0,0
2022-06-08,312.4198320352291,375.766312516689,64,0,0,0
2022-06-09,344.0451869789366,375.766312516689,0,0,15,0
2022-06-09,315.0553070176196,375.766312516689,63,0,0,0
2022-06-10,344.0452712403966,375.766312516689,0,0,15,0
2022-06-10,323.7763147310687,375.766312516689,0,31,0,0
2022-06-13,324.5908799468073,375.766312516689,0,31,0,0
2022-06-13,310.4553165967567,375.766312516689,64,0,0,0
2022-06-14,333.5034065070694,375.766312516689,0,30,0,0
2022-06-14,318.1220110951385,375.766312516689,63,0,0,0
2022-06-15,333.3118131552683,375.766312516689,0,30,0,0
2022-06-15,312.4678448097535,375.766312516689,64,0,0,0
2022-06-16,323.8241206219717,375.766312516689,0,31,0,0
2022-06-16,305.9510280436263,375.766312516689,65,0,0,0
2022-06-17,324.8783387997212,375.766312516689,0,31,0,0
2022-06-17,301.8781024245197,375.766312516689,66,0,0,0
2022-06-20,328.1846659602567,375.766312516689,0,30,0,0
2022-06-20,276.4820346167593,375.766312516689,72,0,0,0
2022-06-21,306.6697952603382,375.766312516689,65,0,0,0
2022-06-21,277.9674074116666,375.766312516689,72,0,0,0
2022-06-22,298.1884251504965,375.766312516689,67,0,0,0
2022-06-22,287.5029063150488,375.766312516689,70,0,0,0
2022-06-23,341.1701752195636,375.766312516689,0,0,15,0
2022-06-23,268.288187408404,375.766312516689,75,0,0,0
2022-06-24,335.6596506247034,375.766312516689,0,30,0,0
2022-06-24,316.2532040147099,375.766312516689,63,0,0,0
2022-06-27,340.0680892013806,375.766312516689,0,0,15,0
2022-06-27,321.2845566966254,375.766312516689,0,31,0,0
2022-06-28,346.8244117572139,375.766312516689,0,0,14,0
2022-06-28,319.7512153013339,375.766312516689,0,31,0,0
2022-06-29,333.2638828655167,375.766312516689,0,30,0,0
2022-06-29,317.4512184017323,375.766312516689,63,0,0,0
2022-06-30,337.1451447446069,375.766312516689,0,30,0,0
2022-06-30,314.4803326578833,375.766312516689,64,0,0,0
2022-07-01,344.9555997890915,375.766312516689,0,0,14,0
2022-07-01,313.426089385016,375.766312516689,64,0,0,0
2022-07-04,345.0035993407993,375.766312516689,0,0,14,0
2022-07-04,319.3679152231149,375.766312516689,63,0,0,0
2022-07-05,344.9077337291794,375.766312516689,0,0,14,0
2022-07-05,323.0095843695873,375.766312516689,0,31,0,0
2022-07-06,325.8367066829867,375.766312516689,0,31,0,0
2022-07-06,311.9407294862123,375.766312516689,64,0,0,0
2022-07-07,325.8366927370769,375.766312516689,0,31,0,0
2022-07-07,315.2470119216475,375.766312516689,63,0,0,0
2022-07-08,340.1638996327384,375.766312516689,0,0,15,0
2022-07-08,318.1699134924892,375.766312516689,63,0,0,0
2022-07-11,359.3786758075923,375.766312516689,0,0,0,7
2022-07-11,320.6136842786221,375.766312516689,0,31,0,0
2022-07-12,369.4412322073077,375.766312516689,0,0,0,0
2022-07-12,345.8659881938444,375.766312516689,0,0,14,0
2022-07-13,355.6411559572035,375.766312516689,0,0,14,0
2022-07-13,347.63898464472,375.766312516689,0,0,14,0
2022-07-14,364.1704555737345,375.766312516689,0,0,0,7
2022-07-14,337.8160147098458,375.766312516689,0,30,0,0
2022-07-15,367.0454599813552,375.766312516689,0,0,0,7
2022-07-15,346.5848260104162,375.766312516689,0,0,14,0
2022-07-18,368.0038286423841,375.766312516689,0,0,0,7
2022-07-18,351.7119924785285,375.766312516689,0,0,14,0
2022-07-19,413.5251349682611,0,0,0,0,0
2022-07-19,359.9058155027026,413.5251349682611,0,28,0,0
2022-07-20,422.1501449124224,0,0,0,0,0
2022-07-20,370.5912966874774,422.1501449124224,0,27,0,0
2022-07-21,421.6709473726558,422.1501449124224,0,0,0,0
2022-07-21,383.1934792741628,422.1501449124224,0,0,13,0
2022-07-22,431.2065387061472,0,0,0,0,0
2022-07-22,412.6146570494054,431.2065387061472,0,0,0,6
2022-07-25,434.1294183447378,0,0,0,0,0
2022-07-25,403.9416111088454,434.1294183447378,0,0,12,0
2022-07-26,422.0196631623352,434.1294183447378,0,0,0,6
2022-07-26,407.05580318461,434.1294183447378,0,0,12,0
2022-07-27,418.7960250800639,434.1294183447378,0,0,0,6
2022-07-27,395.5562871515077,434.1294183447378,0,0,13,0
2022-07-28,413.7919500385923,434.1294183447378,0,0,0,6
2022-07-28,404.1688814330437,434.1294183447378,0,0,12,0
2022-07-29,423.1744694607285,434.1294183447378,0,0,0,6
2022-07-29,406.5746750361747,434.1294183447378,0,0,12,0
2022-08-01,417.881780192247,434.1294183447378,0,0,0,6
2022-08-01,386.8954856078225,434.1294183447378,0,26,0,0
2022-08-02,434.0004541043243,434.1294183447378,0,0,0,0
2022-08-02,398.7800122658612,434.1294183447378,0,0,13,0
2022-08-03,433.7598294971464,434.1294183447378,0,0,0,0
2022-08-03,414.0325383053739,434.1294183447378,0,0,0,6
2022-08-04,448.2426021212207,0,0,0,0,0
2022-08-04,417.9299307239554,448.2426021212207,0,0,12,0
2022-08-05,490.7284222832939,0,0,0,0,0
2022-08-05,416.823233706571,490.7284222832939,48,0,0,0
2022-08-08,481.1534327590119,490.7284222832939,0,0,0,0
2022-08-08,461.9072954486515,490.7284222832939,0,0,11,0
2022-08-10,471.5303943012908,490.7284222832939,0,0,0,5
2022-08-10,447.8095344206099,490.7284222832939,0,0,11,0
2022-08-11,467.7773991472499,490.7284222832939,0,0,0,5
2022-08-11,435.1552004702389,490.7284222832939,0,23,0,0
2022-08-12,452.284250398612,490.7284222832939,0,0,11,0
2022-08-12,443.6234881569364,490.7284222832939,0,0,11,0
2022-08-16,448.9642925943273,490.7284222832939,0,0,11,0
2022-08-16,423.9443120716134,490.7284222832939,0,24,0,0
2022-08-17,460.9449945605992,490.7284222832939,0,0,11,0
2022-08-17,433.038095098684,490.7284222832939,0,23,0,0
2022-08-18,460.8995622470357,490.7284222832939,0,0,11,0
2022-08-18,430.1889892958312,490.7284222832939,0,23,0,0
2022-08-19,436.697565613364,490.7284222832939,0,23,0,0
2022-08-19,414.6168155097521,490.7284222832939,48,0,0,0
2022-08-22,433.9495358629271,490.7284222832939,0,23,0,0
2022-08-22,401.6479919328882,490.7284222832939,50,0,0,0
2022-08-23,429.7551731743341,490.7284222832939,0,23,0,0
2022-08-23,406.6137689255206,490.7284222832939,49,0,0,0
2022-08-24,429.0801724618948,490.7284222832939,0,23,0,0
2022-08-24,415.0989084153836,490.7284222832939,48,0,0,0
2022-08-25,433.9012690595119,490.7284222832939,0,23,0,0
2022-08-25,424.0661618571711,490.7284222832939,0,24,0,0
2022-08-26,443.5435153722318,490.7284222832939,0,0,11,0
2022-08-26,414.8096211467036,490.7284222832939,48,0,0,0
2022-08-29,426.4285691134867,490.7284222832939,0,23,0,0
2022-08-29,406.9512094718376,490.7284222832939,49,0,0,0
2022-08-30,423.1501920307132,490.7284222832939,0,24,0,0
2022-08-30,414.6167939901711,490.7284222832939,48,0,0,0
2022-09-01,432.9371037322608,490.7284222832939,0,23,0,0
2022-09-01,414.0865133244903,490.7284222832939,48,0,0,0
2022-09-02,438.4331721340806,490.7284222832939,0,23,0,0
2022-09-02,392.6324791116959,490.7284222832939,51,0,0,0
2022-09-05,432.937033261326,490.7284222832939,0,23,0,0
2022-09-05,414.6649573923326,490.7284222832939,48,0,0,0
2022-09-06,433.178196134722,490.7284222832939,0,23,0,0
2022-09-06,415.0989725898672,490.7284222832939,48,0,0,0
2022-09-07,443.5435875873465,490.7284222832939,0,0,11,0
2022-09-07,423.6805427797931,490.7284222832939,0,24,0,0
2022-09-08,441.6151169604144,490.7284222832939,0,23,0,0
2022-09-08,433.7566879040331,490.7284222832939,0,23,0,0
2022-09-09,441.8079081072377,490.7284222832939,0,0,11,0
2022-09-09,429.0801262983987,490.7284222832939,0,23,0,0
2022-09-12,452.2215532813568,490.7284222832939,0,0,11,0
2022-09-12,426.9588449311346,490.7284222832939,0,23,0,0
2022-09-13,452.2215596642022,490.7284222832939,0,0,11,0
2022-09-13,429.0801578903411,490.7284222832939,0,23,0,0
2022-09-14,438.5295372876472,490.7284222832939,0,23,0,0
2022-09-14,419.4378932282718,490.7284222832939,0,24,0,0
2022-09-15,448.3646350643415,490.7284222832939,0,0,11,0
2022-09-15,420.691365172841,490.7284222832939,0,24,0,0
2022-09-16,433.8048519555214,490.7284222832939,0,23,0,0
2022-09-16,408.7350002021145,490.7284222832939,49,0,0,0
2022-09-19,430.0443642458248,490.7284222832939,0,23,0,0
2022-09-19,409.9884953517706,490.7284222832939,49,0,0,0
2022-09-20,434.8654823581341,490.7284222832939,0,23,0,0
2022-09-20,424.9821759409038,490.7284222832939,0,24,0,0
2022-09-21,448.3165029197928,490.7284222832939,0,0,11,0
2022-09-21,429.9962247568939,490.7284222832939,0,23,0,0
2022-09-22,440.4580315190697,490.7284222832939,0,23,0,0
2022-09-22,426.2839396378822,490.7284222832939,0,23,0,0
2022-09-23,437.7582457007431,490.7284222832939,0,23,0,0
2022-09-23,430.1408724206295,490.7284222832939,0,23,0,0
2022-09-26,443.5435349429417,490.7284222832939,0,0,11,0
2022-09-26,414.5203542712952,490.7284222832939,48,0,0,0
2022-09-27,433.1781512372119,490.7284222832939,0,23,0,0
2022-09-27,414.6168169883163,490.7284222832939,48,0,0,0
2022-09-28,429.4658495579667,490.7284222832939,0,23,0,0
2022-09-28,416.7380960148715,490.7284222832939,48,0,0,0
2022-09-29,429.1766587668748,490.7284222832939,0,23,0,0
2022-09-29,410.8081503511125,490.7284222832939,49,0,0,0
2022-09-30,418.4736860289937,490.7284222832939,0,24,0,0
2022-09-30,408.8314351988325,490.7284222832939,49,0,0,0
2022-10-03,416.5452540484293,490.7284222832939,48,0,0,0
2022-10-03,412.1098125877505,490.7284222832939,49,0,0,0
2022-10-04,430.0443813472217,490.7284222832939,0,23,0,0
2022-10-04,407.8672047306609,490.7284222832939,49,0,0,0
2022-10-06,436.7457594781251,490.7284222832939,0,23,0,0
2022-10-06,417.5576569455649,490.7284222832939,0,24,0,0
2022-10-07,432.9852459871045,490.7284222832939,0,23,0,0
2022-10-07,418.473670786604,490.7284222832939,0,24,0,0
2022-10-10,428.4534566829415,490.7284222832939,0,23,0,0
2022-10-10,408.3975556548988,490.7284222832939,49,0,0,0
2022-10-11,424.2590556866262,490.7284222832939,0,24,0,0
2022-10-11,406.5173192430759,490.7284222832939,49,0,0,0
2022-10-12,420.2575454940979,490.7284222832939,0,24,0,0
2022-10-12,410.9527785050471,490.7284222832939,49,0,0,0
2022-10-13,427.1517119470432,490.7284222832939,0,23,0,0
2022-10-13,417.3648332356767,490.7284222832939,0,24,0,0
2022-10-14,429.080149656307,490.7284222832939,0,23,0,0
2022-10-14,419.534327492936,490.7284222832939,0,24,0,0
2022-10-17,423.7286985084349,490.7284222832939,0,24,0,0
2022-10-17,417.6058637217205,490.7284222832939,0,24,0,0
2022-10-18,427.1999292773511,490.7284222832939,0,23,0,0
2022-10-18,406.9994305916851,490.7284222832939,49,0,0,0
2022-10-19,433.9013579309062,490.7284222832939,0,23,0,0
2022-10-19,415.2435936547134,490.7284222832939,48,0,0,0
2022-10-20,460.5621004446621,490.7284222832939,0,0,11,0
2022-10-20,420.4021320209434,490.7284222832939,0,24,0,0
2022-10-21,483.799945534283,490.7284222832939,0,0,0,0
2022-10-21,443.6399758708603,490.7284222832939,0,0,11,0
2022-10-24,477.194979884459,490.7284222832939,0,0,0,5
2022-10-24,449.328881326821,490.7284222832939,0,0,11,0
2022-10-25,466.1546007658474,490.7284222832939,0,0,11,0
2022-10-25,426.4285179093387,490.7284222832939,0,23,0,0
2022-10-27,440.2652032285418,490.7284222832939,0,23,0,0
2022-10-27,415.5810338479986,490.7284222832939,48,0,0,0
2022-10-28,437.7100226368694,490.7284222832939,0,23,0,0
2022-10-28,420.9324813319737,490.7284222832939,0,24,0,0
2022-10-31,433.9012727609129,490.7284222832939,0,23,0,0
2022-10-31,422.2823726717516,490.7284222832939,0,24,0,0
2022-11-01,447.791580141164,490.7284222832939,0,0,11,0
2022-11-01,430.3828362047905,490.7284222832939,0,23,0,0
2022-11-02,469.068963744657,490.7284222832939,0,0,0,5
2022-11-02,445.8573036830658,490.7284222832939,0,0,11,0
2022-11-03,454.464991436879,490.7284222832939,0,0,11,0
2022-11-03,440.9732306550337,490.7284222832939,0,23,0,0
2022-11-04,459.1072803071107,490.7284222832939,0,0,11,0
2022-11-04,443.9229750199751,490.7284222832939,0,0,11,0
2022-11-07,449.7259224998691,490.7284222832939,0,0,11,0
2022-11-07,427.674856815614,490.7284222832939,0,23,0,0
2022-11-09,448.7104550828005,490.7284222832939,0,0,11,0
2022-11-09,420.6630300261663,490.7284222832939,0,24,0,0
2022-11-10,458.4303467995601,490.7284222832939,0,0,11,0
2022-11-10,429.8993442033849,490.7284222832939,0,23,0,0
2022-11-11,456.4960123632046,490.7284222832939,0,0,11,0
2022-11-11,436.3792507430911,490.7284222832939,0,23,0,0
2022-11-14,445.8573353917683,490.7284222832939,0,0,11,0
2022-11-14,411.5234191088882,490.7284222832939,49,0,0,0
2022-11-15,441.0215711059244,490.7284222832939,0,23,0,0
2022-11-15,419.7925604275491,490.7284222832939,0,24,0,0
2022-11-16,442.9558609974428,490.7284222832939,0,0,11,0
2022-11-16,432.4622500904334,490.7284222832939,0,23,0,0
2022-11-17,439.1839845954473,490.7284222832939,0,23,0,0
2022-11-17,430.3828903724407,490.7284222832939,0,23,0,0
2022-11-18,436.089056606846,490.7284222832939,0,23,0,0
2022-11-18,416.9877947204631,490.7284222832939,48,0,0,0
2022-11-21,435.2186619780186,490.7284222832939,0,23,0,0
2022-11-21,424.0964072830248,490.7284222832939,0,24,0,0
2022-11-22,439.0872592082066,490.7284222832939,0,23,0,0
2022-11-22,428.0133506666078,490.7284222832939,0,23,0,0
2022-11-23,445.8089854526592,490.7284222832939,0,0,11,0
2022-11-23,420.8564316331813,490.7284222832939,0,24,0,0
2022-11-24,428.4486206400496,490.7284222832939,0,23,0,0
2022-11-24,424.6283558960002,490.7284222832939,0,24,0,0
2022-11-25,440.7798376132114,490.7284222832939,0,23,0,0
2022-11-25,424.0964537430459,490.7284222832939,0,24,0,0
2022-11-28,430.3828868154428,490.7284222832939,0,23,0,0
2022-11-28,420.7113612690283,490.7284222832939,0,24,0,0
2022-11-29,431.9786873805598,490.7284222832939,0,23,0,0
2022-11-29,417.8099082021967,490.7284222832939,0,24,0,0
2022-11-30,431.4467639977204,490.7284222832939,0,23,0,0
2022-11-30,419.7442120894313,490.7284222832939,0,24,0,0
2022-12-01,437.0078726264472,490.7284222832939,0,23,0,0
2022-12-01,420.7113467404808,490.7284222832939,0,24,0,0
2022-12-02,427.3847518059433,490.7284222832939,0,23,0,0
2022-12-02,420.7114043978365,490.7284222832939,0,24,0,0
2022-12-05,440.9248328558632,490.7284222832939,0,23,0,0
2022-12-05,414.9084356823107,490.7284222832939,48,0,0,0
2022-12-06,440.5379970278167,490.7284222832939,0,23,0,0
2022-12-06,420.7113692801323,490.7284222832939,0,24,0,0
2022-12-07,449.7259483978522,490.7284222832939,0,0,11,0
2022-12-07,421.7268694818596,490.7284222832939,0,24,0,0
2022-12-08,458.4303396019951,490.7284222832939,0,0,11,0
2022-12-08,442.9558977588898,490.7284222832939,0,0,11,0
2022-12-09,481.5936243719055,490.7284222832939,0,0,0,0
2022-12-09,436.1374544942177,490.7284222832939,0,23,0,0
2022-12-12,512.5424497983831,0,0,0,0,0
2022-12-12,471.970392943209,512.5424497983831,0,0,11,0
2022-12-13,521.6821824642768,0,0,0,0,0
2022-12-13,493.2478698824561,521.6821824642768,0,0,10,0
2022-12-14,528.0652979767784,0,0,0,0,0
2022-12-14,504.8536365272497,528.0652979767784,0,0,0,5
2022-12-15,524.196759643994,528.0652979767784,0,0,0,0
2022-12-15,508.96410472814,528.0652979767784,0,0,0,5
2022-12-16,527.3400549075408,528.0652979767784,0,0,0,0
2022-12-16,507.85190271882,528.0652979767784,0,0,0,5
2022-12-19,527.049855940674,528.0652979767784,0,0,0,0
2022-12-19,486.8162992238067,528.0652979767784,0,0,10,0
2022-12-20,522.2140952473213,528.0652979767784,0,0,0,0
2022-12-20,483.6246801557879,528.0652979767784,0,0,10,0
2022-12-21,544.6035981136389,0,0,0,0,0
2022-12-21,476.1292067618531,544.6035981136389,0,21,0,0
2022-12-22,494.1666004630167,544.6035981136389,0,0,10,0
2022-12-22,449.7259295928844,544.6035981136389,44,0,0,0
2022-12-23,465.1520740714914,544.6035981136389,0,21,0,0
2022-12-23,433.1876616064513,544.6035981136389,46,0,0,0
2022-12-26,459.2523942264785,544.6035981136389,44,0,0,0
2022-12-26,432.9458330629404,544.6035981136389,46,0,0,0
2022-12-27,458.8172127638622,544.6035981136389,44,0,0,0
2022-12-27,441.2150521851453,544.6035981136389,45,0,0,0
2022-12-28,452.3372719135505,544.6035981136389,44,0,0,0
2022-12-28,421.1949471387885,544.6035981136389,47,0,0,0
2022-12-29,440.0060948660146,544.6035981136389,45,0,0,0
2022-12-29,417.8099305020319,544.6035981136389,48,0,0,0
2022-12-30,447.0178967334081,544.6035981136389,45,0,0,0
2022-12-30,433.2843194449408,544.6035981136389,46,0,0,0
2023-01-02,451.6602782239027,544.6035981136389,44,0,0,0
2023-01-02,435.2186835133966,544.6035981136389,46,0,0,0
2023-01-03,488.4120375805622,544.6035981136389,0,20,0,0
2023-01-03,427.9650032265322,544.6035981136389,47,0,0,0
2023-01-04,487.4448657746011,544.6035981136389,0,21,0,0
2023-01-04,466.602740958752,544.6035981136389,0,21,0,0
2023-01-05,483.4795721511303,544.6035981136389,0,21,0,0
2023-01-05,462.6374457154095,544.6035981136389,43,0,0,0
2023-01-06,469.068995754564,544.6035981136389,0,21,0,0
2023-01-06,438.3135558802233,544.6035981136389,46,0,0,0
2023-01-09,469.8427190975635,544.6035981136389,0,21,0,0
2023-01-09,451.3701281352551,544.6035981136389,44,0,0,0
2023-01-10,459.5908933898683,544.6035981136389,44,0,0,0
2023-01-10,452.6273833779919,544.6035981136389,44,0,0,0
2023-01-11,464.7651775587023,544.6035981136389,0,22,0,0
2023-01-11,456.06080401946,544.6035981136389,44,0,0,0
2023-01-12,463.26608013422,544.6035981136389,0,22,0,0
2023-01-12,456.4960121573107,544.6035981136389,44,0,0,0
2023-01-13,463.7496862957619,544.6035981136389,0,22,0,0
2023-01-13,440.2478891821434,544.6035981136389,45,0,0,0
2023-01-16,466.1675763954754,544.6035981136389,0,21,0,0
2023-01-16,449.8227025452213,544.6035981136389,44,0,0,0
2023-01-17,459.0106642575875,544.6035981136389,44,0,0,0
2023-01-17,451.7086438713399,544.6035981136389,44,0,0,0
2023-01-18,462.2506077310572,544.6035981136389,43,0,0,0
2023-01-18,441.0699416861314,544.6035981136389,45,0,0,0
2023-01-19,463.9430705613819,544.6035981136389,0,22,0,0
2023-01-19,440.0543917733397,544.6035981136389,45,0,0,0
2023-01-20,481.3518705021921,544.6035981136389,0,21,0,0
2023-01-20,450.6931206598282,544.6035981136389,44,0,0,0
2023-01-23,475.4038068930974,544.6035981136389,0,21,0,0
2023-01-23,459.4457903972453,544.6035981136389,44,0,0,0
2023-01-24,507.755109845646,544.6035981136389,0,0,10,0
2023-01-24,470.0361588285409,544.6035981136389,0,21,0,0
2023-01-25,483.5279504811904,544.6035981136389,0,21,0,0
2023-01-25,465.2003970451782,544.6035981136389,0,21,0,0
2023-01-27,483.0927194092192,544.6035981136389,0,21,0,0
2023-01-27,440.5863512106945,544.6035981136389,45,0,0,0
2023-01-30,472.647460418431,544.6035981136389,0,21,0,0
2023-01-30,442.2305010804298,544.6035981136389,45,0,0,0
2023-01-31,463.3628209181823,544.6035981136389,0,22,0,0
2023-01-31,441.0215897451658,544.6035981136389,45,0,0,0
2023-02-01,489.2824724661079,544.6035981136389,0,20,0,0
2023-02-01,445.0352430029965,544.6035981136389,45,0,0,0
2023-02-02,502.9677011574883,544.6035981136389,0,0,10,0
2023-02-02,466.1675562896477,544.6035981136389,0,21,0,0
2023-02-03,495.9911597191871,544.6035981136389,0,0,10,0
2023-02-03,468.8135619263549,544.6035981136389,0,21,0,0
2023-02-06,490.6041430323209,544.6035981136389,0,0,10,0
2023-02-06,477.6462477989366,544.6035981136389,0,21,0,0
2023-02-07,521.712839804715,544.6035981136389,0,0,0,5
2023-02-07,477.6463100505725,544.6035981136389,0,21,0,0
2023-02-08,543.5034011894118,544.6035981136389,0,0,0,0
2023-02-08,514.8213429333865,544.6035981136389,0,0,10,0
2023-02-09,537.534091126066,544.6035981136389,0,0,0,0
2023-02-09,503.610610698734,544.6035981136389,0,0,10,0
2023-02-10,516.0346503215021,544.6035981136389,0,0,10,0
2023-02-10,500.8928106279163,544.6035981136389,0,0,10,0
2023-02-13,527.8762518976275,544.6035981136389,0,0,0,5
2023-02-13,499.5339489240984,544.6035981136389,0,0,10,0
2023-02-14,526.5659311737357,544.6035981136389,0,0,0,5
2023-02-14,514.4330756167373,544.6035981136389,0,0,10,0
2023-02-15,533.845567110688,544.6035981136389,0,0,0,0
2023-02-15,515.9859826230959,544.6035981136389,0,0,10,0
2023-02-16,530.9337427822936,544.6035981136389,0,0,0,5
2023-02-16,506.425375313824,544.6035981136389,0,0,10,0
2023-02-17,521.1789697531557,544.6035981136389,0,0,0,5
2023-02-17,507.6386907237901,544.6035981136389,0,0,10,0
2023-02-20,517.0537645230922,544.6035981136389,0,0,10,0
2023-02-20,489.730551155019,544.6035981136389,0,20,0,0
2023-02-21,509.5798992288524,544.6035981136389,0,0,10,0
2023-02-21,489.7790862116339,544.6035981136389,0,20,0,0
2023-02-22,503.6591328374341,544.6035981136389,0,0,10,0
2023-02-22,484.8774365444776,544.6035981136389,0,21,0,0
2023-02-23,492.6424451190065,544.6035981136389,0,0,10,0
2023-02-23,476.7241448778163,544.6035981136389,0,21,0,0
2023-02-24,509.5313966872095,544.6035981136389,0,0,10,0
2023-02-24,481.4802118856664,544.6035981136389,0,21,0,0
2023-02-27,508.1725199128928,544.6035981136389,0,0,10,0
2023-02-27,476.6756440639004,544.6035981136389,0,21,0,0
2023-02-28,488.3716922939395,544.6035981136389,0,20,0,0
2023-02-28,467.8429067696816,544.6035981136389,0,21,0,0
2023-03-01,489.5849424002078,544.6035981136389,0,20,0,0
2023-03-01,471.6768668014409,544.6035981136389,0,21,0,0
2023-03-02,482.790550491019,544.6035981136389,0,21,0,0
2023-03-02,470.7547644981971,544.6035981136389,0,21,0,0
2023-03-03,484.343550164186,544.6035981136389,0,21,0,0
2023-03-03,470.7547531655916,544.6035981136389,0,21,0,0
2023-03-06,481.383124858752,544.6035981136389,0,21,0,0
2023-03-06,470.7547329569048,544.6035981136389,0,21,0,0
2023-03-08,478.5198215706802,544.6035981136389,0,21,0,0
2023-03-08,468.1340854000662,544.6035981136389,0,21,0,0
2023-03-09,485.2171335806387,544.6035981136389,0,21,0,0
2023-03-09,470.8518450397075,544.6035981136389,0,21,0,0
2023-03-10,481.3346483672414,544.6035981136389,0,21,0,0
2023-03-10,470.754804056002,544.6035981136389,0,21,0,0
2023-03-13,496.2337818374193,544.6035981136389,0,0,10,0
2023-03-13,471.7254141280895,544.6035981136389,0,21,0,0
2023-03-14,481.6258287116618,544.6035981136389,0,21,0,0
2023-03-14,461.0484945788108,544.6035981136389,43,0,0,0
2023-03-15,471.919582283489,544.6035981136389,0,21,0,0
2023-03-15,457.2145370067221,544.6035981136389,44,0,0,0
2023-03-16,464.931022759328,544.6035981136389,0,22,0,0
2023-03-16,427.1250331728909,544.6035981136389,47,0,0,0
2023-03-17,447.8479782810514,544.6035981136389,45,0,0,0
2023-03-17,426.7368086744949,544.6035981136389,47,0,0,0
2023-03-20,446.4405555773354,544.6035981136389,45,0,0,0
2023-03-20,425.0867302440718,544.6035981136389,47,0,0,0
2023-03-21,445.178691212476,544.6035981136389,45,0,0,0
2023-03-21,431.7840316983007,544.6035981136389,46,0,0,0
2023-03-22,441.5388524843594,544.6035981136389,45,0,0,0
2023-03-22,431.9296372649576,544.6035981136389,46,0,0,0
2023-03-23,467.5517420547022,544.6035981136389,0,21,0,0
2023-03-23,433.8709225704297,544.6035981136389,46,0,0,0
2023-03-24,470.4636243184259,544.6035981136389,0,21,0,0
2023-03-24,448.5274152957263,544.6035981136389,45,0,0,0
2023-03-27,453.6717389266386,544.6035981136389,44,0,0,0
2023-03-27,431.444352987202,544.6035981136389,46,0,0,0
2023-03-28,449.0127221920876,544.6035981136389,45,0,0,0
2023-03-28,432.6576270566158,544.6035981136389,46,0,0,0
2023-03-29,460.4661259210516,544.6035981136389,43,0,0,0
2023-03-29,437.607838012046,544.6035981136389,46,0,0,0
2023-03-31,464.7854322358949,544.6035981136389,0,22,0,0
2023-03-31,439.0637786966682,544.6035981136389,46,0,0,0
2023-04-03,458.1366181058776,544.6035981136389,44,0,0,0
2023-04-03,442.6550828277489,544.6035981136389,45,0,0,0
2023-04-05,460.8543366025012,544.6035981136389,43,0,0,0
2023-04-05,449.0612078728301,544.6035981136389,45,0,0,0
2023-04-06,479.8786587031319,544.6035981136389,0,21,0,0
2023-04-06,453.6716927950833,544.6035981136389,44,0,0,0
2023-04-10,484.1009531632513,544.6035981136389,0,21,0,0
2023-04-10,468.6194170983103,544.6035981136389,0,21,0,0
2023-04-11,473.0842510145091,544.6035981136389,0,21,0,0
2023-04-11,461.048465420411,544.6035981136389,43,0,0,0
2023-04-12,473.8607740999212,544.6035981136389,0,21,0,0
2023-04-12,462.9897246905621,544.6035981136389,0,22,0,0
2023-04-13,472.6960252602613,544.6035981136389,0,21,0,0
2023-04-13,461.3882104570283,544.6035981136389,43,0,0,0
2023-04-17,479.7815892806183,544.6035981136389,0,21,0,0
2023-04-17,461.1455424333283,544.6035981136389,43,0,0,0
2023-04-18,468.5708919572662,544.6035981136389,0,21,0,0
2023-04-18,460.9029330001815,544.6035981136389,43,0,0,0
2023-04-19,469.6871054600612,544.6035981136389,0,21,0,0
2023-04-19,463.0868437863103,544.6035981136389,0,22,0,0
2023-04-20,471.2886544840012,544.6035981136389,0,21,0,0
2023-04-20,460.7088097996094,544.6035981136389,43,0,0,0
2023-04-21,464.9795486900236,544.6035981136389,0,22,0,0
2023-04-21,457.1660014897,544.6035981136389,44,0,0,0
2023-04-24,461.0484610089114,544.6035981136389,43,0,0,0
2023-04-24,444.8389558996865,544.6035981136389,45,0,0,0
2023-04-25,456.9718793982964,544.6035981136389,44,0,0,0
2023-04-25,443.8683948362071,544.6035981136389,45,0,0,0
2023-04-26,502.7855519826827,544.6035981136389,0,0,10,0
2023-04-26,443.674283552208,544.6035981136389,45,0,0,0
2023-04-27,499.3883459940773,544.6035981136389,0,0,10,0
2023-04-27,483.2273879517511,544.6035981136389,0,21,0,0
2023-04-28,500.5530871595128,544.6035981136389,0,0,10,0
2023-04-28,490.1673512353419,544.6035981136389,0,0,10,0
2023-05-02,513.4625315057664,544.6035981136389,0,0,10,0
2023-05-02,492.2057710028369,544.6035981136389,0,0,10,0
2023-05-03,509.2401793612771,544.6035981136389,0,0,10,0
2023-05-03,487.2554238892151,544.6035981136389,0,21,0,0
2023-05-04,508.0754983939898,544.6035981136389,0,0,10,0
2023-05-04,490.1673907832193,544.6035981136389,0,0,10,0
2023-05-05,506.1827348015015,544.6035981136389,0,0,10,0
2023-05-05,490.167365435778,544.6035981136389,0,0,10,0
2023-05-08,513.4624001449985,544.6035981136389,0,0,10,0
2023-05-08,484.052372816942,544.6035981136389,0,21,0,0
2023-05-09,502.6885185550204,544.6035981136389,0,0,10,0
2023-05-09,490.410044462295,544.6035981136389,0,0,10,0
2023-05-10,501.8148775356191,544.6035981136389,0,0,10,0
2023-05-10,490.1673368578098,544.6035981136389,0,0,10,0
2023-05-11,507.5901894980434,544.6035981136389,0,0,10,0
2023-05-11,495.1176072609628,544.6035981136389,0,0,10,0
2023-05-12,510.1622817733144,544.6035981136389,0,0,10,0
2023-05-12,497.9323871884754,544.6035981136389,0,0,10,0
2023-05-15,530.6426146014502,544.6035981136389,0,0,0,5
2023-05-15,489.2452852388101,544.6035981136389,0,20,0,0
2023-05-16,505.8430106974552,544.6035981136389,0,0,10,0
2023-05-16,491.3321043739433,544.6035981136389,0,0,10,0
2023-05-17,502.7370091281084,544.6035981136389,0,0,10,0
2023-05-17,492.3997926113011,544.6035981136389,0,0,10,0
2023-05-18,509.0946367319515,544.6035981136389,0,0,10,0
2023-05-18,486.4790050421129,544.6035981136389,0,21,0,0
2023-05-19,503.7076330396677,544.6035981136389,0,0,10,0
2023-05-19,491.6718168717904,544.6035981136389,0,0,10,0
2023-05-22,508.0269910082148,544.6035981136389,0,0,10,0
2023-05-22,489.2452936028357,544.6035981136389,0,20,0,0
2023-05-23,509.3858089825815,544.6035981136389,0,0,10,0
2023-05-23,453.8658782958352,544.6035981136389,44,0,0,0
2023-05-24,530.8853069899233,544.6035981136389,0,0,0,5
2023-05-24,468.7165294515584,544.6035981136389,0,21,0,0
2023-05-25,510.3078905327544,544.6035981136389,0,0,10,0
2023-05-25,477.1609359972881,544.6035981136389,0,21,0,0
2023-05-26,494.8263489788923,544.6035981136389,0,0,10,0
2023-05-26,485.3142024591835,544.6035981136389,0,21,0,0
2023-05-29,504.7267732161841,544.6035981136389,0,0,10,0
2023-05-29,481.4316913754371,544.6035981136389,0,21,0,0
2023-05-30,494.9719630717321,544.6035981136389,0,0,10,0
2023-05-30,479.6360166210324,544.6035981136389,0,21,0,0
2023-05-31,491.1379521519234,544.6035981136389,0,0,10,0
2023-05-31,466.8722430535082,544.6035981136389,0,21,0,0
2023-06-01,482.3537967353903,544.6035981136389,0,21,0,0
2023-06-01,470.7062558990028,544.6035981136389,0,21,0,0
2023-06-02,493.3541549364464,544.6035981136389,0,0,10,0
2023-06-02,473.8153765231218,544.6035981136389,0,21,0,0
2023-06-05,485.5386947587051,544.6035981136389,0,21,0,0
2023-06-05,476.7462435457708,544.6035981136389,0,21,0,0
2023-06-06,486.3691282579112,544.6035981136389,0,21,0,0
2023-06-06,477.2347418724112,544.6035981136389,0,21,0,0
2023-06-07,493.0122655865769,544.6035981136389,0,0,10,0
2023-06-07,481.6797671043012,544.6035981136389,0,21,0,0
2023-06-08,493.25650296443,544.6035981136389,0,0,10,0
2023-06-08,479.4816568830827,544.6035981136389,0,21,0,0
2023-06-09,492.3284061068438,544.6035981136389,0,0,10,0
2023-06-09,480.7028085068956,544.6035981136389,0,21,0,0
2023-06-12,500.8278101851994,544.6035981136389,0,0,10,0
2023-06-12,486.9063993994533,544.6035981136389,0,21,0,0
2023-06-13,496.2850245074058,544.6035981136389,0,0,10,0
2023-06-13,487.2971735553685,544.6035981136389,0,21,0,0
2023-06-14,498.2388746953314,544.6035981136389,0,0,10,0
2023-06-14,488.7137197379207,544.6035981136389,0,20,0,0
2023-06-15,496.0896197882874,544.6035981136389,0,0,10,0
2023-06-15,472.0569438753364,544.6035981136389,0,21,0,0
2023-06-16,481.533248107957,544.6035981136389,0,21,0,0
2023-06-16,474.7923746771551,544.6035981136389,0,21,0,0
2023-06-19,482.6078897974498,544.6035981136389,0,21,0,0
2023-06-19,474.1573729935163,544.6035981136389,0,21,0,0
2023-06-20,488.1764454023597,544.6035981136389,0,20,0,0
2023-06-20,464.8764435652274,544.6035981136389,0,22,0,0
2023-06-21,477.1370683113516,544.6035981136389,0,21,0,0
2023-06-21,471.7150680292178,544.6035981136389,0,21,0,0
2023-06-22,478.6512072491386,544.6035981136389,0,21,0,0
2023-06-22,471.8614702343223,544.6035981136389,0,21,0,0
2023-06-23,475.7693076058564,544.6035981136389,0,21,0,0
2023-06-23,452.8600754270307,544.6035981136389,44,0,0,0
2023-06-26,458.2332320962212,544.6035981136389,44,0,0,0
2023-06-26,442.4556729999256,544.6035981136389,45,0,0,0
2023-06-27,466.4395733302113,544.6035981136389,0,21,0,0
2023-06-27,454.2278348915086,544.6035981136389,44,0,0,0
2023-06-28,467.8561416829638,544.6035981136389,0,21,0,0
2023-06-28,456.2305720412498,544.6035981136389,44,0,0,0
2023-06-30,468.7841571931959,544.6035981136389,0,21,0,0
2023-06-30,456.7189552990055,544.6035981136389,44,0,0,0
2023-07-03,465.9999211661392,544.6035981136389,0,21,0,0
2023-07-03,462.5806345328447,544.6035981136389,43,0,0,0
2023-07-04,466.2441540438824,544.6035981136389,0,21,0,0
2023-07-04,453.4951115738652,544.6035981136389,44,0,0,0
2023-07-05,496.675820406001,544.6035981136389,0,0,10,0
2023-07-05,451.8831577968812,544.6035981136389,44,0,0,0
2023-07-06,492.7191937947613,544.6035981136389,0,0,10,0
2023-07-06,474.3038875630721,544.6035981136389,0,21,0,0
2023-07-07,487.5903002373814,544.6035981136389,0,21,0,0
2023-07-07,474.8412273695619,544.6035981136389,0,21,0,0
2023-07-10,500.5346803800877,544.6035981136389,0,0,10,0
2023-07-10,472.8873181868635,544.6035981136389,0,21,0,0
2023-07-11,485.6852176041007,544.6035981136389,0,21,0,0
2023-07-11,475.8181277470904,544.6035981136389,0,21,0,0
2023-07-12,484.8059784593713,544.6035981136389,0,21,0,0
2023-07-12,463.069085722402,544.6035981136389,0,22,0,0
2023-07-13,478.1628361311131,544.6035981136389,0,21,0,0
2023-07-13,470.2007589196051,544.6035981136389,0,21,0,0
2023-07-14,479.6770458958986,544.6035981136389,0,21,0,0
2023-07-14,468.9795519895997,544.6035981136389,0,21,0,0
2023-07-17,495.1615618894363,544.6035981136389,0,0,10,0
2023-07-17,477.5766590450443,544.6035981136389,0,21,0,0
2023-07-18,495.308053286021,544.6035981136389,0,0,10,0
2023-07-18,473.9130960003338,544.6035981136389,0,21,0,0
2023-07-19,491.4003405960675,544.6035981136389,0,0,10,0
2023-07-19,469.9076815640328,544.6035981136389,0,21,0,0
2023-07-20,490.227958526174,544.6035981136389,0,0,10,0
2023-07-20,478.7977905749133,544.6035981136389,0,21,0,0
2023-07-21,480.6051832913623,544.6035981136389,0,21,0,0
2023-07-21,467.8072756213274,544.6035981136389,0,21,0,0
2023-07-24,479.1397268878892,544.6035981136389,0,21,0,0
2023-07-24,462.8248342612301,544.6035981136389,43,0,0,0
2023-07-25,475.8181167590362,544.6035981136389,0,21,0,0
2023-07-25,464.0460140132766,544.6035981136389,0,22,0,0
2023-07-26,481.3956249512074,544.6035981136389,0,21,0,0
2023-07-26,469.9010643627572,544.6035981136389,0,21,0,0
2023-07-27,484.293857873217,544.6035981136389,0,21,0,0
2023-07-27,471.6203566348781,544.6035981136389,0,21,0,0
2023-07-28,500.995326139362,544.6035981136389,0,0,10,0
2023-07-28,476.4834343781594,544.6035981136389,0,21,0,0
2023-07-31,530.5175859298746,544.6035981136389,0,0,0,5
2023-07-31,489.3042170302394,544.6035981136389,0,20,0,0
2023-08-01,525.6054513466827,544.6035981136389,0,0,0,5
2023-08-01,506.9390895231556,544.6035981136389,0,0,10,0
2023-08-02,520.6932240113306,544.6035981136389,0,0,0,5
2023-08-02,491.2200226521987,544.6035981136389,0,0,10,0
2023-08-03,511.1144137872352,544.6035981136389,0,0,10,0
2023-08-03,492.2515536547901,544.6035981136389,0,0,10,0
2023-08-04,542.3068637980546,544.6035981136389,0,0,0,0
2023-08-04,510.8687847372978,544.6035981136389,0,0,10,0
2023-08-07,560.924159159658,0,0,0,0,0
2023-08-07,515.977526822519,560.924159159658,0,0,10,0
2023-08-08,531.9912105950867,560.924159159658,0,0,9,0
2023-08-08,520.2019316899325,560.924159159658,0,0,10,0
2023-08-09,545.7945228463734,560.924159159658,0,0,0,5
2023-08-09,523.1492931361599,560.924159159658,0,0,10,0
2023-08-10,554.0469811194384,560.924159159658,0,0,0,0
2023-08-10,531.9420838672845,560.924159159658,0,0,9,0
2023-08-11,542.2577993103969,560.924159159658,0,0,0,5
2023-08-11,526.096648443952,560.924159159658,0,0,10,0
2023-08-14,541.699913842533,560.924159159658,0,0,0,5
2023-08-14,523.0851109394067,560.924159159658,0,0,10,0
2023-08-16,555.8333508385031,560.924159159658,0,0,0,0
2023-08-16,537.7602953605673,560.924159159658,0,0,0,5
2023-08-17,580.3576562133333,0,0,0,0,0
2023-08-17,551.5490665752509,580.3576562133333,0,0,0,5
2023-08-18,565.1407008678116,580.3576562133333,0,0,0,4
2023-08-18,553.5680215780505,580.3576562133333,0,0,0,5
2023-08-21,599.809523731688,0,0,0,0,0
2023-08-21,557.7046680017543,599.809523731688,0,0,9,0
2023-08-22,602.616463312306,0,0,0,0,0
2023-08-22,578.0430352908184,602.616463312306,0,0,0,4
2023-08-23,607.5410306374861,0,0,0,0,0
2023-08-23,592.2749426945692,607.5410306374861,0,0,0,4
2023-08-24,618.9660918872626,0,0,0,0,0
2023-08-24,596.4608844847365,618.9660918872626,0,0,0,4
2023-08-25,614.0415052946714,618.9660918872626,0,0,0,0
2023-08-25,605.719012530583,618.9660918872626,0,0,0,4
2023-08-28,640.1909251703543,0,0,0,0,0
2023-08-28,611.2838666717564,640.1909251703543,0,0,0,4
2023-08-29,674.6625694481967,0,0,0,0,0
2023-08-29,635.266215027864,674.6625694481967,0,0,8,0
2023-08-30,677.0756145520943,0,0,0,0,0
2023-08-30,647.1343608651989,677.0756145520943,0,0,0,4
2023-08-31,679.5871599542763,0,0,0,0,0
2023-08-31,644.3766657972251,679.5871599542763,0,0,8,0
2023-09-01,709.1344368811881,0,0,0,0,0
2023-09-01,660.5784381564432,709.1344368811881,0,0,8,0
2023-09-04,687.4171558716725,709.1344368811881,0,0,0,4
2023-09-04,671.7078474173251,709.1344368811881,0,0,7,0
2023-09-05,692.5387511622475,709.1344368811881,0,0,0,4
2023-09-05,680.7198437806086,709.1344368811881,0,0,0,4
2023-09-06,683.034363299229,709.1344368811881,0,0,0,4
2023-09-06,636.8421090607611,709.1344368811881,0,16,0,0
2023-09-07,691.4060747497576,709.1344368811881,0,0,0,4
2023-09-07,630.5387143800717,709.1344368811881,0,16,0,0
2023-09-08,729.8667418050662,0,0,0,0,0
2023-09-08,683.4283223806472,729.8667418050662,0,0,7,0
2023-09-11,735.7269894466017,0,0,0,0,0
2023-09-11,696.4290980931826,735.7269894466017,0,0,7,0
2023-09-12,729.3742254525765,735.7269894466017,0,0,0,0
2023-09-12,678.651420469817,735.7269894466017,0,0,7,0
2023-09-13,715.4870380717846,735.7269894466017,0,0,0,3
2023-09-13,673.4806520453084,735.7269894466017,0,0,7,0
2023-09-14,713.9111466237541,735.7269894466017,0,0,0,4
2023-09-14,689.0914920166981,735.7269894466017,0,0,7,0
2023-09-15,717.9985768887029,735.7269894466017,0,0,0,3
2023-09-15,707.5585667573475,735.7269894466017,0,0,0,4
2023-09-18,717.9985588921688,735.7269894466017,0,0,0,3
2023-09-18,688.6482868889374,735.7269894466017,0,0,7,0
2023-09-20,706.5737213896713,735.7269894466017,0,0,0,4
2023-09-20,691.356865731555,735.7269894466017,0,0,7,0
2023-09-21,712.5815896216817,735.7269894466017,0,0,0,4
2023-09-21,673.382227398548,735.7269894466017,0,0,7,0
2023-09-22,712.4831049974024,735.7269894466017,0,0,0,4
2023-09-22,676.3369372226811,735.7269894466017,0,0,7,0
2023-09-25,709.9715989901981,735.7269894466017,0,0,0,4
2023-09-25,682.541908529969,735.7269894466017,0,0,7,0
2023-09-26,709.7253884032339,735.7269894466017,0,0,0,4
2023-09-26,702.240104185456,735.7269894466017,0,0,0,4
2023-09-27,718.9834299649813,735.7269894466017,0,0,0,3
2023-09-27,691.8984377402732,735.7269894466017,0,0,7,0
2023-09-28,718.9835044193967,735.7269894466017,0,0,0,3
2023-09-28,697.5617356233394,735.7269894466017,0,0,7,0
2023-09-29,703.1265083871979,735.7269894466017,0,0,0,4
2023-09-29,675.6967586488961,735.7269894466017,0,0,7,0
2023-10-03,689.4363129745243,735.7269894466017,0,0,7,0
2023-10-03,670.2305871130911,735.7269894466017,0,0,7,0
2023-10-04,672.8897625429585,735.7269894466017,0,0,7,0
2023-10-04,655.1614026053668,735.7269894466017,0,15,0,0
2023-10-05,677.617281555681,735.7269894466017,0,0,7,0
2023-10-05,650.0398340505079,735.7269894466017,0,15,0,0
2023-10-06,685.496651486404,735.7269894466017,0,0,7,0
2023-10-06,654.9644730437624,735.7269894466017,0,15,0,0
2023-10-09,671.0184706810488,735.7269894466017,0,0,7,0
2023-10-09,652.058972967781,735.7269894466017,0,15,0,0
2023-10-10,676.3369255004028,735.7269894466017,0,0,7,0
2023-10-10,660.8738443912372,735.7269894466017,0,15,0,0
2023-10-11,681.5568950915756,735.7269894466017,0,0,7,0
2023-10-11,652.0096308535014,735.7269894466017,0,15,0,0
2023-10-12,671.5108882583612,735.7269894466017,0,0,7,0
2023-10-12,657.9191572130023,735.7269894466017,0,15,0,0
2023-10-13,667.7683004671745,735.7269894466017,0,0,7,0
2023-10-13,653.6348803952469,735.7269894466017,0,15,0,0
2023-10-16,664.81351851045,735.7269894466017,0,0,8,0
2023-10-16,638.2209777700319,735.7269894466017,0,16,0,0
2023-10-17,688.4020806451093,735.7269894466017,0,0,7,0
2023-10-17,658.11613227951,735.7269894466017,0,15,0,0
2023-10-18,716.3734450702927,735.7269894466017,0,0,0,3
2023-10-18,682.098628296469,735.7269894466017,0,0,7,0
2023-10-19,708.149526000044,735.7269894466017,0,0,0,4
2023-10-19,690.9628530193706,735.7269894466017,0,0,7,0
2023-10-20,707.9524588430188,735.7269894466017,0,0,0,4
2023-10-20,675.6474610656102,735.7269894466017,0,0,7,0
2023-10-23,689.4361987509643,735.7269894466017,0,0,7,0
2023-10-23,650.0890779565783,735.7269894466017,0,15,0,0
2023-10-25,674.6133441365382,735.7269894466017,0,0,7,0
2023-10-25,650.03985574868,735.7269894466017,0,15,0,0
2023-10-26,665.2567184779016,735.7269894466017,0,0,8,0
2023-10-26,615.5680532007254,735.7269894466017,32,0,0,0
2023-10-27,666.8817537234943,735.7269894466017,0,0,7,0
2023-10-27,648.1192522822669,735.7269894466017,0,15,0,0
2023-10-30,667.2265982342809,735.7269894466017,0,0,7,0
2023-10-30,652.305203192853,735.7269894466017,0,15,0,0
2023-10-31,667.5220634663252,735.7269894466017,0,0,7,0
2023-10-31,644.7213964561138,735.7269894466017,0,16,0,0
2023-11-01,664.2718500559257,735.7269894466017,0,0,8,0
2023-11-01,614.6816486009203,735.7269894466017,33,0,0,0
2023-11-02,634.2813163389828,735.7269894466017,0,16,0,0
2023-11-02,592.5211559381186,735.7269894466017,34,0,0,0
2023-11-03,658.9040599738161,735.7269894466017,0,15,0,0
2023-11-03,617.5871192276815,735.7269894466017,32,0,0,0
2023-11-06,647.8731520472259,735.7269894466017,0,15,0,0
2023-11-06,608.7230178547902,735.7269894466017,33,0,0,0
2023-11-07,634.6753199643441,735.7269894466017,0,16,0,0
2023-11-07,616.3559783340032,735.7269894466017,32,0,0,0
2023-11-08,649.7444265512905,735.7269894466017,0,15,0,0
2023-11-08,616.6022173474342,735.7269894466017,32,0,0,0
2023-11-09,635.2169817503602,735.7269894466017,0,16,0,0
2023-11-09,604.3400528980479,735.7269894466017,33,0,0,0
2023-11-10,619.7539531931112,735.7269894466017,32,0,0,0
2023-11-10,606.2606886335539,735.7269894466017,33,0,0,0
2023-11-13,634.9707688861682,735.7269894466017,0,16,0,0
2023-11-13,610.6435074535132,735.7269894466017,33,0,0,0
2023-11-15,634.919258738656,735.7269894466017,0,16,0,0
2023-11-15,612.9574188522431,735.7269894466017,33,0,0,0
2023-11-16,625.1474911564741,735.7269894466017,32,0,0,0
2023-11-16,607.8247923935174,735.7269894466017,33,0,0,0
2023-11-17,622.2850558333472,735.7269894466017,32,0,0,0
2023-11-17,611.9703817056605,735.7269894466017,33,0,0,0
2023-11-20,631.1684864306311,735.7269894466017,0,16,0,0
2023-11-20,600.1751241584101,735.7269894466017,33,0,0,0
2023-11-21,620.9031399767931,735.7269894466017,32,0,0,0
2023-11-21,604.2713889985479,735.7269894466017,33,0,0,0
2023-11-22,627.2203477220273,735.7269894466017,0,16,0,0
2023-11-22,603.0869857522339,735.7269894466017,33,0,0,0
2023-11-23,613.1548881487628,735.7269894466017,33,0,0,0
2023-11-23,603.2843975483148,735.7269894466017,33,0,0,0
2023-11-24,621.74222711463,735.7269894466017,32,0,0,0
2023-11-24,612.6120233078275,735.7269894466017,33,0,0,0
2023-11-28,628.0592624010468,735.7269894466017,0,16,0,0
2023-11-28,612.5132407562452,735.7269894466017,33,0,0,0
2023-11-29,625.7890328477558,735.7269894466017,0,16,0,0
2023-11-29,612.9573965275338,735.7269894466017,33,0,0,0
2023-11-30,625.789121123149,735.7269894466017,0,16,0,0
2023-11-30,609.0092866450834,735.7269894466017,33,0,0,0
2023-12-01,619.8668289947642,735.7269894466017,32,0,0,0
2023-12-01,610.1937599542945,735.7269894466017,33,0,0,0
2023-12-04,628.7502034749368,735.7269894466017,0,16,0,0
2023-12-04,610.1443542046766,735.7269894466017,33,0,0,0
2023-12-05,621.2980154243339,735.7269894466017,32,0,0,0
2023-12-05,615.4250617277929,735.7269894466017,32,0,0,0
2023-12-06,622.8279719596247,735.7269894466017,32,0,0,0
2023-12-06,595.2892784201088,735.7269894466017,34,0,0,0
2023-12-07,602.1985174901668,735.7269894466017,33,0,0,0
2023-12-07,585.4186859756663,735.7269894466017,34,0,0,0
2023-12-08,597.016571181321,735.7269894466017,33,0,0,0
2023-12-08,568.0467067589949,735.7269894466017,35,0,0,0
2023-12-11,686.8874548755343,735.7269894466017,0,0,7,0
2023-12-11,597.0659917331765,735.7269894466017,33,0,0,0
2023-12-12,632.8957887138948,735.7269894466017,0,16,0,0
2023-12-12,593.216409506612,735.7269894466017,34,0,0,0
2023-12-13,617.7445806214402,735.7269894466017,32,0,0,0
2023-12-13,595.190535504909,735.7269894466017,34,0,0,0
2023-12-14,608.0222002178695,735.7269894466017,33,0,0,0
2023-12-14,587.3928514697437,735.7269894466017,34,0,0,0
2023-12-15,606.7883592992047,735.7269894466017,33,0,0,0
2023-12-15,587.6395850258033,735.7269894466017,34,0,0,0
2023-12-18,619.8667707093015,735.7269894466017,32,0,0,0
2023-12-18,598.1516927545171,735.7269894466017,33,0,0,0
2023-12-19,622.827980111771,735.7269894466017,32,0,0,0
2023-12-19,604.0740472716384,735.7269894466017,33,0,0,0
2023-12-20,614.8822073837323,735.7269894466017,33,0,0,0
2023-12-20,587.294174852239,735.7269894466017,34,0,0,0
2023-12-21,612.0197080190317,735.7269894466017,33,0,0,0
2023-12-21,587.294143118203,735.7269894466017,34,0,0,0
2023-12-22,616.4121903119277,735.7269894466017,32,0,0,0
2023-12-22,602.7909241762324,735.7269894466017,33,0,0,0
2023-12-26,620.8538221290087,735.7269894466017,32,0,0,0
2023-12-26,610.5391480113137,735.7269894466017,33,0,0,0
2023-12-27,622.8278804570522,735.7269894466017,32,0,0,0
2023-12-27,597.2139484432013,735.7269894466017,33,0,0,0
2023-12-28,612.5626285891261,735.7269894466017,33,0,0,0
2023-12-28,600.1258344081507,735.7269894466017,33,0,0,0
2023-12-29,612.0197549725872,735.7269894466017,33,0,0,0
2023-12-29,588.3305776344425,735.7269894466017,34,0,0,0
2024-01-01,622.827983533157,735.7269894466017,32,0,0,0
2024-01-01,604.4194936779197,735.7269894466017,33,0,0,0
2024-01-02,616.9056130770005,735.7269894466017,32,0,0,0
2024-01-02,603.0869273440757,735.7269894466017,33,0,0,0
2024-01-03,624.8019795206409,735.7269894466017,32,0,0,0
2024-01-03,608.0221475271956,735.7269894466017,33,0,0,0
2024-01-04,647.5040827495632,735.7269894466017,0,15,0,0
2024-01-04,622.3836760268819,735.7269894466017,32,0,0,0
2024-01-05,657.3745932537324,735.7269894466017,0,15,0,0
2024-01-05,637.9790575080564,735.7269894466017,0,16,0,0
2024-01-08,681.063817302908,735.7269894466017,0,0,7,0
2024-01-08,639.7064396615652,735.7269894466017,0,16,0,0
2024-01-09,675.2895979132871,735.7269894466017,0,0,7,0
2024-01-09,655.1537742015335,735.7269894466017,0,15,0,0
2024-01-10,684.2717305130567,735.7269894466017,0,0,7,0
2024-01-10,651.5510315266007,735.7269894466017,0,15,0,0
2024-01-11,715.6105277037508,735.7269894466017,0,0,0,3
2024-01-11,668.9724622775408,735.7269894466017,0,0,7,0
2024-01-12,694.0434744415707,735.7269894466017,0,0,7,0
2024-01-12,672.2789974893999,735.7269894466017,0,0,7,0
2024-01-15,683.1365356445312,735.7269894466017,0,0,7,0
2024-01-15,683.1365356445312,735.7269894466017,0,0,7,0
2024-01-16,687.6276989249824,735.7269894466017,0,0,7,0
2024-01-16,670.3543417018799,735.7269894466017,0,0,7,0
2024-01-17,682.0014544728282,735.7269894466017,0,0,7,0
2024-01-17,665.0242012201994,735.7269894466017,0,0,8,0
2024-01-18,699.9658175389095,735.7269894466017,0,0,0,4
2024-01-18,646.2703282176082,735.7269894466017,0,15,0,0
2024-01-19,689.8979372288229,735.7269894466017,0,0,7,0
2024-01-19,668.3308795995259,735.7269894466017,0,0,7,0
2024-01-23,704.1607673169025,735.7269894466017,0,0,0,4
2024-01-23,668.7750251925141,735.7269894466017,0,0,7,0
2024-01-24,690.5888836044312,735.7269894466017,0,0,7,0
2024-01-24,660.8786714108106,735.7269894466017,0,15,0,0
2024-01-25,683.8275439998018,735.7269894466017,0,0,7,0
2024-01-25,658.2630107158103,735.7269894466017,0,15,0,0
2024-01-29,692.8590654753051,735.7269894466017,0,0,7,0
2024-01-29,670.3049594220978,735.7269894466017,0,0,7,0
2024-01-30,715.6104856207102,735.7269894466017,0,0,0,3
2024-01-30,671.58812674109,735.7269894466017,0,0,7,0
2024-01-31,708.059597771229,735.7269894466017,0,0,0,4
2024-01-31,690.9343211938022,735.7269894466017,0,0,7,0
2024-02-01,689.6511786234589,735.7269894466017,0,0,7,0
2024-02-01,636.3998706868784,735.7269894466017,0,16,0,0
2024-02-02,680.8170958858855,735.7269894466017,0,0,7,0
2024-02-02,652.044591403704,735.7269894466017,0,15,0,0
2024-02-05,674.1050856241525,735.7269894466017,0,0,7,0
2024-02-05,645.5300067621213,735.7269894466017,0,15,0,0
2024-02-06,661.2734566603527,735.7269894466017,0,15,0,0
2024-02-06,643.9507596221488,735.7269894466017,0,16,0,0
2024-02-07,660.7800213366363,735.7269894466017,0,15,0,0
2024-02-07,645.5301009398074,735.7269894466017,0,15,0,0
2024-02-08,661.6682499960212,735.7269894466017,0,15,0,0
2024-02-08,636.6465828157876,735.7269894466017,0,16,0,0
2024-02-09,650.4653528834119,735.7269894466017,0,15,0,0
2024-02-09,614.9809259085871,735.7269894466017,33,0,0,0
2024-02-12,641.433761103297,735.7269894466017,0,16,0,0
2024-02-12,613.5002867766201,735.7269894466017,33,0,0,0
2024-02-13,636.9626795051814,735.7269894466017,0,16,0,0
2024-02-13,608.8708163079215,735.7269894466017,33,0,0,0
2024-02-14,643.8372725340009,735.7269894466017,0,16,0,0
2024-02-14,614.3111311262395,735.7269894466017,33,0,0,0
2024-02-15,655.2124765408053,735.7269894466017,0,15,0,0
2024-02-15,635.0832534116283,735.7269894466017,0,16,0,0
2024-02-16,659.5647098257508,735.7269894466017,0,15,0,0
2024-02-16,628.2581721920318,735.7269894466017,0,16,0,0
2024-02-19,643.0953966090518,735.7269894466017,0,16,0,0
2024-02-19,623.7574808469471,735.7269894466017,32,0,0,0
2024-02-20,638.0012267452131,735.7269894466017,0,16,0,0
2024-02-20,619.4052340712456,735.7269894466017,32,0,0,0
2024-02-21,643.936170406034,735.7269894466017,0,16,0,0
2024-02-21,627.6646529502303,735.7269894466017,0,16,0,0
2024-02-22,666.6866044218694,735.7269894466017,0,0,7,0
2024-02-22,633.0555294213597,735.7269894466017,0,16,0,0
2024-02-23,671.929076921431,735.7269894466017,0,0,7,0
2024-02-23,651.0086063995889,735.7269894466017,0,15,0,0
2024-02-26,674.5503458566519,735.7269894466017,0,0,7,0
2024-02-26,645.1231555494201,735.7269894466017,0,16,0,0
2024-02-27,652.9374327156952,735.7269894466017,0,15,0,0
2024-02-27,637.9024115633941,735.7269894466017,0,16,0,0
2024-02-28,652.5913022294749,735.7269894466017,0,15,0,0
2024-02-28,630.2365504326106,735.7269894466017,0,16,0,0
2024-02-29,657.4380894882122,735.7269894466017,0,15,0,0
2024-02-29,628.1097893482331,735.7269894466017,0,16,0,0
2024-03-01,652.8385625327107,735.7269894466017,0,15,0,0
2024-03-01,641.5622359398102,735.7269894466017,0,16,0,0
2024-03-04,647.0025094689777,735.7269894466017,0,15,0,0
2024-03-04,631.126675855477,735.7269894466017,0,16,0,0
2024-03-05,646.8047342045969,735.7269894466017,0,15,0,0
2024-03-05,627.714104924384,735.7269894466017,0,16,0,0
2024-03-06,642.403028431477,735.7269894466017,0,16,0,0
2024-03-06,613.2725693144635,735.7269894466017,33,0,0,0
2024-03-07,644.9252904712264,735.7269894466017,0,16,0,0
2024-03-07,618.2182615713442,735.7269894466017,32,0,0,0
2024-03-11,647.6454729109905,735.7269894466017,0,15,0,0
2024-03-11,618.3171734326127,735.7269894466017,32,0,0,0
2024-03-12,626.7745021831073,735.7269894466017,0,16,0,0
2024-03-12,598.5342402844378,735.7269894466017,33,0,0,0
2024-03-13,614.2122104042038,735.7269894466017,33,0,0,0
2024-03-13,588.5437764814059,735.7269894466017,34,0,0,0
2024-03-14,614.2617329404652,735.7269894466017,33,0,0,0
2024-03-14,583.5981037598623,735.7269894466017,34,0,0,0
2024-03-15,640.968749864631,735.7269894466017,0,16,0,0
2024-03-15,597.4461804293783,735.7269894466017,33,0,0,0
2024-03-18,641.0181670613742,735.7269894466017,0,16,0,0
2024-03-18,615.3002862535127,735.7269894466017,33,0,0,0
2024-03-19,634.8854710192876,735.7269894466017,0,16,0,0
2024-03-19,619.8504495558741,735.7269894466017,32,0,0,0
2024-03-20,646.9035485606495,735.7269894466017,0,15,0,0
2024-03-20,611.3930696816418,735.7269894466017,33,0,0,0
2024-03-21,647.8927672399026,735.7269894466017,0,15,0,0
2024-03-21,617.2785854766624,735.7269894466017,32,0,0,0
2024-03-22,633.0555214402962,735.7269894466017,0,16,0,0
2024-03-22,618.8117480587379,735.7269894466017,32,0,0,0
2024-03-26,632.066413109511,735.7269894466017,0,16,0,0
2024-03-26,619.2569173889748,735.7269894466017,32,0,0,0
2024-03-27,633.0555627094574,735.7269894466017,0,16,0,0
2024-03-27,620.2955123744416,735.7269894466017,32,0,0,0
2024-03-28,649.2281160110452,735.7269894466017,0,15,0,0
2024-03-28,600.1663350989566,735.7269894466017,33,0,0,0
2024-04-01,658.7734303032028,735.7269894466017,0,15,0,0
2024-04-01,634.2425398679902,735.7269894466017,0,16,0,0
2024-04-02,654.6189779099906,735.7269894466017,0,15,0,0
2024-04-02,639.4355606927736,735.7269894466017,0,16,0,0
2024-04-03,667.2306451239899,735.7269894466017,0,0,7,0
2024-04-03,640.8698526258424,735.7269894466017,0,16,0,0
2024-04-04,657.1907883254917,735.7269894466017,0,15,0,0
2024-04-04,643.4415895495321,735.7269894466017,0,16,0,0
2024-04-05,687.4587605697021,735.7269894466017,0,0,7,0
2024-04-05,643.7383496214842,735.7269894466017,0,16,0,0
2024-04-08,684.3924424598638,735.7269894466017,0,0,7,0
2024-04-08,657.7348560631688,735.7269894466017,0,15,0,0
2024-04-09,674.2536626797004,735.7269894466017,0,0,7,0
2024-04-09,642.8481715576511,735.7269894466017,0,16,0,0
2024-04-10,665.9941941232132,735.7269894466017,0,0,8,0
2024-04-10,628.1097890028163,735.7269894466017,0,16,0,0
2024-04-12,640.919297713744,735.7269894466017,0,16,0,0
2024-04-12,625.6369290327549,735.7269894466017,0,16,0,0
2024-04-15,635.2811758412689,735.7269894466017,0,16,0,0
2024-04-15,604.6175457111337,735.7269894466017,33,0,0,0
2024-04-16,646.0133873091804,735.7269894466017,0,15,0,0
2024-04-16,619.2074652777778,735.7269894466017,32,0,0,0
2024-04-18,651.8493992286641,735.7269894466017,0,15,0,0
2024-04-18,627.1206663292459,735.7269894466017,0,16,0,0
2024-04-19,652.8385416666666,735.7269894466017,0,15,0,0
2024-04-19,616.2894627518124,735.7269894466017,32,0,0,0
2024-04-22,657.7842330495318,735.7269894466017,0,15,0,0
2024-04-22,640.968696264807,735.7269894466017,0,16,0,0
2024-04-23,657.0423784739677,735.7269894466017,0,15,0,0
2024-04-23,639.5344249632021,735.7269894466017,0,16,0,0
2024-04-24,665.3513463815555,735.7269894466017,0,0,8,0
2024-04-24,644.0846349744394,735.7269894466017,0,16,0,0
2024-04-25,650.0194486072705,735.7269894466017,0,15,0,0
2024-04-25,633.2039114912575,735.7269894466017,0,16,0,0
2024-04-26,687.4588099051709,735.7269894466017,0,0,7,0
2024-04-26,628.7528191365242,735.7269894466017,0,16,0,0
2024-04-29,669.5056353280671,735.7269894466017,0,0,7,0
2024-04-29,646.0628467650117,735.7269894466017,0,15,0,0
2024-04-30,660.7517290151216,735.7269894466017,0,15,0,0
2024-04-30,649.0303340193203,735.7269894466017,0,15,0,0
2024-05-02,659.5647730062745,735.7269894466017,0,15,0,0
2024-05-02,635.0338812566087,735.7269894466017,0,16,0,0
2024-05-03,658.180012936729,735.7269894466017,0,15,0,0
2024-05-03,642.0568299566685,735.7269894466017,0,16,0,0
2024-05-06,672.7203908750965,735.7269894466017,0,0,7,0
2024-05-06,647.2003519165515,735.7269894466017,0,15,0,0
2024-05-07,656.2016525967647,735.7269894466017,0,15,0,0
2024-05-07,635.5284086186177,735.7269894466017,0,16,0,0
2024-05-08,667.6263220838781,735.7269894466017,0,0,7,0
2024-05-08,639.5839036262599,735.7269894466017,0,16,0,0
2024-05-09,670.4947627605718,735.7269894466017,0,0,7,0
2024-05-09,644.0350215938903,735.7269894466017,0,16,0,0
2024-05-10,665.69752373741,735.7269894466017,0,0,8,0
2024-05-10,646.2112691403559,735.7269894466017,0,15,0,0
2024-05-13,667.329540288304,735.7269894466017,0,0,7,0
2024-05-13,641.1170861599595,735.7269894466017,0,16,0,0
2024-05-14,662.2354189783235,735.7269894466017,0,0,8,0
2024-05-14,642.5513248699956,735.7269894466017,0,16,0,0
2024-05-15,666.1425983493158,735.7269894466017,0,0,8,0
2024-05-15,652.6406864540052,735.7269894466017,0,15,0,0
2024-05-16,665.7469075337771,735.7269894466017,0,0,8,0
2024-05-16,649.0303210082577,735.7269894466017,0,15,0,0
2024-05-17,665.2028529759941,735.7269894466017,0,0,8,0
2024-05-17,650.810743844918,735.7269894466017,0,15,0,0
2024-05-21,665.598605993416,735.7269894466017,0,0,8,0
2024-05-21,641.7600709995166,735.7269894466017,0,16,0,0
2024-05-22,651.8493786363364,735.7269894466017,0,15,0,0
2024-05-22,639.5344579668855,735.7269894466017,0,16,0,0
2024-05-23,647.5960625555301,735.7269894466017,0,15,0,0
2024-05-23,638.0507476057949,735.7269894466017,0,16,0,0
2024-05-24,644.925374734126,735.7269894466017,0,16,0,0
2024-05-24,638.0013292998639,735.7269894466017,0,16,0,0
2024-05-27,647.8928021040701,735.7269894466017,0,15,0,0
2024-05-27,632.0169676538065,735.7269894466017,0,16,0,0
2024-05-28,651.1569894002201,735.7269894466017,0,15,0,0
2024-05-28,635.1327582402845,735.7269894466017,0,16,0,0
2024-05-29,676.7759385407498,735.7269894466017,0,0,7,0
2024-05-29,637.0615714398047,735.7269894466017,0,16,0,0
2024-05-30,648.3378965820621,735.7269894466017,0,15,0,0
2024-05-30,613.767117761683,735.7269894466017,33,0,0,0
2024-05-31,643.9361569240916,735.7269894466017,0,16,0,0
2024-05-31,624.7466374687538,735.7269894466017,32,0,0,0
2024-06-03,647.8433569111347,735.7269894466017,0,15,0,0
2024-06-03,619.2569175153573,735.7269894466017,32,0,0,0
2024-06-04,642.9470771711634,735.7269894466017,0,16,0,0
2024-06-04,585.1807310115541,735.7269894466017,34,0,0,0
2024-06-05,618.2183089376515,735.7269894466017,32,0,0,0
2024-06-05,594.0830420075729,735.7269894466017,34,0,0,0
2024-06-06,632.8082680921168,735.7269894466017,0,16,0,0
2024-06-06,603.4305216489028,735.7269894466017,33,0,0,0
2024-06-07,634.8853888295234,735.7269894466017,0,16,0,0
2024-06-07,613.1241064652158,735.7269894466017,33,0,0,0
2024-06-10,640.9687088927357,735.7269894466017,0,16,0,0
2024-06-10,625.1423210188409,735.7269894466017,32,0,0,0
2024-06-11,646.5574533743475,735.7269894466017,0,15,0,0
2024-06-11,604.5680542109476,735.7269894466017,33,0,0,0
2024-06-12,635.9734479559626,735.7269894466017,0,16,0,0
2024-06-12,617.0806632676083,735.7269894466017,32,0,0,0
2024-06-13,656.7456457846749,735.7269894466017,0,15,0,0
2024-06-13,626.6260395441643,735.7269894466017,0,16,0,0
2024-06-14,652.6901236324125,735.7269894466017,0,15,0,0
2024-06-14,619.3063356690453,735.7269894466017,32,0,0,0
2024-06-18,676.5781108545776,735.7269894466017,0,0,7,0
2024-06-18,638.0012887444483,735.7269894466017,0,16,0,0
2024-06-19,649.6237428838073,735.7269894466017,0,15,0,0
2024-06-19,623.0651107764976,735.7269894466017,32,0,0,0
2024-06-20,643.540534710198,735.7269894466017,0,16,0,0
2024-06-20,619.8009506145563,735.7269894466017,32,0,0,0
2024-06-21,646.8542487792245,735.7269894466017,0,15,0,0
2024-06-21,626.1315572047429,735.7269894466017,0,16,0,0
2024-06-24,673.2644920731816,735.7269894466017,0,0,7,0
2024-06-24,629.4946357510803,735.7269894466017,0,16,0,0
2024-06-25,671.4344945442242,735.7269894466017,0,0,7,0
2024-06-25,644.232890342667,735.7269894466017,0,16,0,0
2024-06-26,658.7239091436021,735.7269894466017,0,15,0,0
2024-06-26,637.5560925216281,735.7269894466017,0,16,0,0
2024-06-27,654.0749238073713,735.7269894466017,0,15,0,0
2024-06-27,638.4958235427723,735.7269894466017,0,16,0,0
2024-06-28,650.1678055806764,735.7269894466017,0,15,0,0
2024-06-28,635.973537651093,735.7269894466017,0,16,0,0
2024-07-01,709.6651674352496,735.7269894466017,0,0,0,4
2024-07-01,627.9119547843762,735.7269894466017,0,16,0,0
2024-07-02,697.3007943353329,735.7269894466017,0,0,7,0
2024-07-02,662.6805696681557,735.7269894466017,0,0,8,0
2024-07-03,687.4587120347232,735.7269894466017,0,0,7,0
2024-07-03,671.2366405800047,735.7269894466017,0,0,7,0
2024-07-04,683.5516435011741,735.7269894466017,0,0,7,0
2024-07-04,662.7300618417672,735.7269894466017,0,0,8,0
2024-07-05,716.6880680411094,735.7269894466017,0,0,0,3
2024-07-05,661.0484234251309,735.7269894466017,0,15,0,0
2024-07-08,708.3297790894569,735.7269894466017,0,0,0,4
2024-07-08,661.740871898659,735.7269894466017,0,15,0,0
2024-07-09,682.5130281541936,735.7269894466017,0,0,7,0
2024-07-09,653.2836779360798,735.7269894466017,0,15,0,0
2024-07-10,697.8447847149665,735.7269894466017,0,0,7,0
2024-07-10,637.1605033470898,735.7269894466017,0,16,0,0
2024-07-11,682.5129996597497,735.7269894466017,0,0,7,0
2024-07-11,648.5851916063122,735.7269894466017,0,15,0,0
2024-07-12,667.626245168411,735.7269894466017,0,0,7,0
2024-07-12,648.832410915825,735.7269894466017,0,15,0,0
2024-07-15,654.1738827539971,735.7269894466017,0,15,0,0
2024-07-15,611.8877490576039,735.7269894466017,33,0,0,0
2024-07-16,677.5672532300983,735.7269894466017,0,0,7,0
2024-07-16,642.9470286125021,735.7269894466017,0,16,0,0
2024-07-18,672.3247947843539,735.7269894466017,0,0,7,0
2024-07-18,642.056789823065,735.7269894466017,0,16,0,0
2024-07-19,647.6455214793749,735.7269894466017,0,15,0,0
2024-07-19,626.1315236295446,735.7269894466017,0,16,0,0
2024-07-22,644.5296286278764,735.7269894466017,0,16,0,0
2024-07-22,623.2134743161033,735.7269894466017,32,0,0,0
2024-07-23,648.7830607664933,735.7269894466017,0,15,0,0
2024-07-23,627.367953917591,735.7269894466017,0,16,0,0
2024-07-24,661.5429598768625,735.7269894466017,0,15,0,0
2024-07-24,639.7816779047757,735.7269894466017,0,16,0,0
2024-07-25,646.0628723985186,735.7269894466017,0,15,0,0
2024-07-25,634.5392592084032,735.7269894466017,0,16,0,0
2024-07-26,647.6949532032013,735.7269894466017,0,15,0,0
2024-07-26,629.0989583333334,735.7269894466017,0,16,0,0
2024-07-29,647.0025088361099,735.7269894466017,0,15,0,0
2024-07-29,627.1206327972113,735.7269894466017,0,16,0,0
2024-07-30,638.050740724353,735.7269894466017,0,16,0,0
2024-07-30,621.927619288934,735.7269894466017,32,0,0,0
2024-07-31,643.2175889252585,735.7269894466017,0,16,0,0
2024-07-31,628.3064321121841,735.7269894466017,0,16,0,0
2024-08-01,654.8483033741871,735.7269894466017,0,15,0,0
2024-08-01,631.338355196112,735.7269894466017,0,16,0,0
2024-08-02,665.9322290957108,735.7269894466017,0,0,8,0
2024-08-02,636.1099180869221,735.7269894466017,0,16,0,0
2024-08-05,661.0115803679831,735.7269894466017,0,15,0,0
2024-08-05,633.2271132635267,735.7269894466017,0,16,0,0
2024-08-06,668.0197453927073,735.7269894466017,0,0,7,0
2024-08-06,641.8258406575554,735.7269894466017,0,16,0,0
2024-08-07,659.7192794398902,735.7269894466017,0,15,0,0
2024-08-07,645.0566424870328,735.7269894466017,0,16,0,0
2024-08-08,660.4150197634191,735.7269894466017,0,15,0,0
2024-08-08,633.276730246763,735.7269894466017,0,16,0,0
2024-08-09,660.0671388552076,735.7269894466017,0,15,0,0
2024-08-09,607.9277872130151,735.7269894466017,33,0,0,0
2024-08-12,661.0612096883249,735.7269894466017,0,15,0,0
2024-08-12,644.3607281046121,735.7269894466017,0,16,0,0
2024-08-13,657.9796323384035,735.7269894466017,0,15,0,0
2024-08-13,633.227089197639,735.7269894466017,0,16,0,0
2024-08-14,653.357186470588,735.7269894466017,0,15,0,0
2024-08-14,626.268584977513,735.7269894466017,0,16,0,0
2024-08-16,651.7893941432328,735.7269894466017,0,15,0,0
2024-08-16,622.7512811606501,735.7269894466017,32,0,0,0
2024-08-19,655.4752185543821,735.7269894466017,0,15,0,0
2024-08-19,631.6171038343457,735.7269894466017,0,16,0,0
2024-08-20,642.4753188673761,735.7269894466017,0,16,0,0
2024-08-20,625.5903443865592,735.7269894466017,0,16,0,0
2024-08-21,655.4254819380789,735.7269894466017,0,15,0,0
2024-08-21,629.9236717264953,735.7269894466017,0,16,0,0
2024-08-22,667.4291780531474,735.7269894466017,0,0,7,0
2024-08-22,646.0614705657313,735.7269894466017,0,15,0,0
2024-08-23,679.1839189267548,735.7269894466017,0,0,7,0
2024-08-23,647.5059477948313,735.7269894466017,0,15,0,0
2024-08-26,657.8660640584944,735.7269894466017,0,15,0,0
2024-08-26,640.6822524511618,735.7269894466017,0,16,0,0
2024-08-27,652.4370046300099,735.7269894466017,0,15,0,0
2024-08-27,633.4601106041587,735.7269894466017,0,16,0,0
2024-08-28,652.3871345454861,735.7269894466017,0,15,0,0
2024-08-28,632.3642229457699,735.7269894466017,0,16,0,0
2024-08-29,662.4484232376994,735.7269894466017,0,0,8,0
2024-08-29,637.3948983993756,735.7269894466017,0,16,0,0
2024-08-30,672.4100232213998,735.7269894466017,0,0,7,0
2024-08-30,657.3679862815734,735.7269894466017,0,15,0,0
2024-09-02,672.8583078339583,735.7269894466017,0,0,7,0
2024-09-02,652.9848439028103,735.7269894466017,0,15,0,0
2024-09-03,669.6207925459478,735.7269894466017,0,0,7,0
2024-09-03,656.5212245450012,735.7269894466017,0,15,0,0
2024-09-04,729.1913144547225,735.7269894466017,0,0,0,0
2024-09-04,655.475252610939,735.7269894466017,0,15,0,0
2024-09-05,781.9879636093568,0,0,0,0,0
2024-09-05,720.2756529197375,781.9879636093568,0,0,7,0
2024-09-06,782.3864053479094,0,0,0,0,0
2024-09-06,737.7084605542635,782.3864053479094,0,0,7,0
2024-09-09,777.1565846260221,782.3864053479094,0,0,0,0
2024-09-09,729.2411081009636,782.3864053479094,0,0,7,0
2024-09-10,786.9687554633622,0,0,0,0,0
2024-09-10,737.6586878742022,786.9687554633622,0,0,7,0
2024-09-11,776.8079202948927,786.9687554633622,0,0,0,0
2024-09-11,726.7507279303529,786.9687554633622,0,0,7,0
2024-09-12,757.9804563361176,786.9687554633622,0,0,0,3
2024-09-12,734.720013642413,786.9687554633622,0,0,7,0
2024-09-13,825.5202768339582,0,0,0,0,0
2024-09-13,752.1030527678206,825.5202768339582,0,0,7,0
2024-09-16,814.2137857951276,825.5202768339582,0,0,0,0
2024-09-16,768.2409008383397,825.5202768339582,0,0,7,0
2024-09-17,788.2140176243286,825.5202768339582,0,0,0,3
2024-09-17,769.4861643420736,825.5202768339582,0,0,6,0
2024-09-18,773.3213173870504,825.5202768339582,0,0,6,0
2024-09-18,747.6203243916088,825.5202768339582,0,0,7,0
2024-09-19,773.0224675136963,825.5202768339582,0,0,6,0
2024-09-19,734.1721115432914,825.5202768339582,0,14,0,0
2024-09-20,770.5320614548867,825.5202768339582,0,0,6,0
2024-09-20,745.7275790475893,825.5202768339582,0,0,7,0
2024-09-23,781.6891176009602,825.5202768339582,0,0,6,0
2024-09-23,749.164371358004,825.5202768339582,0,0,7,0
2024-09-24,806.89200522142,825.5202768339582,0,0,0,3
2024-09-24,772.5243827768039,825.5202768339582,0,0,6,0
2024-09-25,790.7541140215197,825.5202768339582,0,0,0,3
2024-09-25,750.5091685195544,825.5202768339582,0,0,7,0
2024-09-26,783.9802813167352,825.5202768339582,0,0,6,0
2024-09-26,749.8119025631237,825.5202768339582,0,0,7,0
2024-09-27,824.573890126704,825.5202768339582,0,0,0,0
2024-09-27,761.2677461799173,825.5202768339582,0,0,7,0
2024-09-30,830.7999768274329,0,0,0,0,0
2024-09-30,788.5626395364429,830.7999768274329,0,0,6,0
2024-10-01,818.8460162456436,830.7999768274329,0,0,0,0
2024-10-01,792.0492062354664,830.7999768274329,0,0,0,3
2024-10-03,801.1640614525811,830.7999768274329,0,0,0,3
2024-10-03,769.0876019454529,830.7999768274329,0,0,7,0
2024-10-04,810.7271810883639,830.7999768274329,0,0,0,3
2024-10-04,778.9994158992946,830.7999768274329,0,0,6,0
2024-10-07,794.439966936161,830.7999768274329,0,0,0,3
2024-10-07,719.4289076100928,830.7999768274329,0,14,0,0
2024-10-08,786.7196782099736,830.7999768274329,0,0,6,0
2024-10-08,739.103102059388,830.7999768274329,0,14,0,0
2024-10-09,783.9304766274839,830.7999768274329,0,0,6,0
2024-10-09,749.4632007154701,830.7999768274329,0,0,7,0
2024-10-10,770.0339698878151,830.7999768274329,0,0,6,0
2024-10-10,747.1222217540251,830.7999768274329,0,13,0,0
2024-10-11,770.9803752776718,830.7999768274329,0,0,6,0
2024-10-11,747.1222589806953,830.7999768274329,0,13,0,0
2024-10-14,791.4514828730612,830.7999768274329,0,0,0,3
2024-10-14,754.4440040671705,830.7999768274329,0,0,7,0
2024-10-15,801.9111707920608,830.7999768274329,0,0,0,3
2024-10-15,753.0991864829789,830.7999768274329,0,0,7,0
2024-10-16,780.9917758134698,830.7999768274329,0,0,6,0
2024-10-16,761.1183122151665,830.7999768274329,0,0,7,0
2024-10-17,786.918997590404,830.7999768274329,0,0,6,0
2024-10-17,758.1298617073452,830.7999768274329,0,0,7,0
2024-10-18,780.0453659840814,830.7999768274329,0,0,6,0
2024-10-18,754.0953339572377,830.7999768274329,0,0,7,0
2024-10-21,775.3634231955095,830.7999768274329,0,0,6,0
2024-10-21,752.1030421719025,830.7999768274329,0,0,7,0
2024-10-22,771.9765002611192,830.7999768274329,0,0,6,0
2024-10-22,725.2564329806293,830.7999768274329,0,14,0,0
2024-10-23,775.8116678493044,830.7999768274329,0,0,6,0
2024-10-23,740.348292313065,830.7999768274329,0,14,0,0
2024-10-24,777.0071255545026,830.7999768274329,0,0,6,0
2024-10-24,737.9575245202889,830.7999768274329,0,14,0,0
2024-10-25,752.0532660978873,830.7999768274329,0,0,7,0
2024-10-25,723.8618654672506,830.7999768274329,0,14,0,0
2024-10-28,758.0800686763041,830.7999768274329,0,0,7,0
2024-10-28,727.3982593972987,830.7999768274329,0,14,0,0
2024-10-29,799.9189169000563,830.7999768274329,0,0,0,3
2024-10-29,756.6356208802024,830.7999768274329,0,0,7,0
2024-10-30,799.9188774521946,830.7999768274329,0,0,0,3
2024-10-30,762.5627654914757,830.7999768274329,0,0,7,0
2024-10-31,801.9112185868811,830.7999768274329,0,0,0,3
2024-10-31,768.0914724254153,830.7999768274329,0,0,7,0
2024-11-01,811.2751825497809,830.7999768274329,0,0,0,3
2024-11-01,787.9649437124892,830.7999768274329,0,0,6,0
2024-11-04,841.6580979326449,0,0,0,0,0
2024-11-04,779.0990162431721,841.6580979326449,0,0,6,0
2024-11-05,838.2711937377302,841.6580979326449,0,0,0,0
2024-11-05,781.4899007572778,841.6580979326449,0,0,6,0
2024-11-06,813.2674384855525,841.6580979326449,0,0,0,3
2024-11-06,793.9916493541974,841.6580979326449,0,0,6,0
2024-11-07,820.2406523883536,841.6580979326449,0,0,0,3
2024-11-07,793.9419244233302,841.6580979326449,0,0,6,0
2024-11-08,806.9417832700731,841.6580979326449,0,0,0,3
2024-11-08,783.0836685229358,841.6580979326449,0,0,6,0
2024-11-11,811.8728403840421,841.6580979326449,0,0,0,3
2024-11-11,757.0838756955485,841.6580979326449,0,13,0,0
2024-11-12,808.4360464324913,841.6580979326449,0,0,0,3
2024-11-12,783.4323801969323,841.6580979326449,0,0,6,0
2024-11-13,800.7656111107141,841.6580979326449,0,0,0,3
2024-11-13,739.451790017459,841.6580979326449,0,14,0,0
2024-11-14,777.0071725197208,841.6580979326449,0,0,6,0
2024-11-14,750.4594031382436,841.6580979326449,0,13,0,0
2024-11-18,780.8921699103604,841.6580979326449,0,0,6,0
2024-11-18,730.1874508450722,841.6580979326449,0,14,0,0
2024-11-19,759.0264151704988,841.6580979326449,0,0,7,0
2024-11-19,737.4096657633426,841.6580979326449,0,14,0,0
2024-11-21,759.0762186249293,841.6580979326449,0,0,7,0
2024-11-21,708.2719047799537,841.6580979326449,28,0,0,0
2024-11-22,764.4360882491243,841.6580979326449,0,0,7,0
2024-11-22,744.9759006239834,841.6580979326449,0,13,0,0
2024-11-25,794.3748334902484,841.6580979326449,0,0,6,0
2024-11-25,759.4462918166822,841.6580979326449,0,0,7,0
2024-11-26,788.387075190157,841.6580979326449,0,0,6,0
2024-11-26,764.1367001227454,841.6580979326449,0,0,7,0
2024-11-27,807.697562125029,841.6580979326449,0,0,0,3
2024-11-27,761.4422172005869,841.6580979326449,0,0,7,0
2024-11-28,809.0448353126694,841.6580979326449,0,0,0,3
2024-11-28,783.3972938910697,841.6580979326449,0,0,6,0
2024-11-29,806.3004866539638,841.6580979326449,0,0,0,3
2024-11-29,788.387121520843,841.6580979326449,0,0,6,0
2024-12-02,813.3360340558027,841.6580979326449,0,0,0,3
2024-12-02,783.3972843359571,841.6580979326449,0,0,6,0
2024-12-03,813.3859607439913,841.6580979326449,0,0,0,3
2024-12-03,790.4828038730238,841.6580979326449,0,0,6,0
2024-12-04,831.149611726854,841.6580979326449,0,0,0,0
2024-12-04,793.6762867711594,841.6580979326449,0,0,6,0
2024-12-05,824.2138660224492,841.6580979326449,0,0,0,3
2024-12-05,804.0052084445595,841.6580979326449,0,0,0,3
2024-12-06,828.4052236245849,841.6580979326449,0,0,0,0
2024-12-06,805.3524095012217,841.6580979326449,0,0,0,3
2024-12-09,910.138021971568,0,0,0,0,0
2024-12-09,828.3054366627209,910.138021971568,0,0,6,0
2024-12-10,918.121692744868,0,0,0,0,0
2024-12-10,862.2859102268077,918.121692744868,0,0,6,0
2024-12-11,910.8366282919817,918.121692744868,0,0,0,0
2024-12-11,872.6148344074664,918.121692744868,0,0,0,3
2024-12-12,915.0280532146605,918.121692744868,0,0,0,0
2024-12-12,878.8021156790797,918.121692744868,0,0,0,3
2024-12-13,901.7551517682069,918.121692744868,0,0,0,0
2024-12-13,861.1881808889216,918.121692744868,0,0,6,0
2024-12-16,908.0423674064191,918.121692744868,0,0,0,0
2024-12-16,871.616886011716,918.121692744868,0,0,6,0
2024-12-17,898.1625501858767,918.121692744868,0,0,0,3
2024-12-17,865.8286740149666,918.121692744868,0,0,6,0
2024-12-18,902.9527157149237,918.121692744868,0,0,0,0
2024-12-18,878.2033604657257,918.121692744868,0,0,0,3
2024-12-19,901.904894149946,918.121692744868,0,0,0,0
2024-12-19,873.213590463295,918.121692744868,0,0,0,3
2024-12-20,901.9547557031588,918.121692744868,0,0,0,0
2024-12-20,847.0670457743142,918.121692744868,0,0,6,0
2024-12-23,879.8998815552397,918.121692744868,0,0,0,3
2024-12-23,860.2899757878445,918.121692744868,0,0,6,0
2024-12-24,874.8102477615497,918.121692744868,0,0,0,3
2024-12-24,843.2747888960449,918.121692744868,0,0,6,0
2024-12-26,856.8470274555418,918.121692744868,0,0,6,0
2024-12-26,833.5447240070513,918.121692744868,0,0,6,0
2024-12-27,903.1523444057249,918.121692744868,0,0,0,0
2024-12-27,830.4011532932441,918.121692744868,0,0,6,0
2024-12-30,894.9690578290744,918.121692744868,0,0,0,3
2024-12-30,848.2646180971296,918.121692744868,0,0,6,0
2024-12-31,877.0058014476008,918.121692744868,0,0,0,3
2024-12-31,847.4662581247006,918.121692744868,0,0,6,0
2025-01-01,870.3693882766112,918.121692744868,0,0,6,0
2025-01-01,843.2747950535721,918.121692744868,0,0,6,0
2025-01-02,869.1718497348152,918.121692744868,0,0,6,0
2025-01-02,848.3643812888685,918.121692744868,0,0,6,0
2025-01-03,885.1890514947679,918.121692744868,0,0,0,3
2025-01-03,858.1942904604916,918.121692744868,0,0,6,0
2025-01-06,898.1625373863716,918.121692744868,0,0,0,3
2025-01-06,866.2777551270462,918.121692744868,0,0,6,0
2025-01-07,938.0808703431668,0,0,0,0,0
2025-01-07,848.813481722551,938.0808703431668,0,0,6,0
2025-01-08,930.0971774279502,938.0808703431668,0,0,0,0
2025-01-08,864.2818124010203,938.0808703431668,0,0,6,0
2025-01-09,914.1298440123112,938.0808703431668,0,0,0,3
2025-01-09,865.3296565780042,938.0808703431668,0,0,6,0
2025-01-10,898.1625494847254,938.0808703431668,0,0,0,3
2025-01-10,848.314515806214,938.0808703431668,0,0,6,0
2025-01-13,869.1219822486718,938.0808703431668,0,0,6,0
2025-01-13,824.3136263779521,938.0808703431668,0,12,0,0
2025-01-14,867.1759195931196,938.0808703431668,0,0,6,0
2025-01-14,838.2850132058796,938.0808703431668,0,12,0,0
2025-01-15,873.2135518998803,938.0808703431668,0,0,6,0
2025-01-15,839.2829681689135,938.0808703431668,0,12,0,0
2025-01-16,873.2135786375464,938.0808703431668,0,0,6,0
2025-01-16,854.2523695014169,938.0808703431668,0,0,6,0
2025-01-17,861.2879369778123,938.0808703431668,0,0,6,0
2025-01-17,844.2727593873972,938.0808703431668,0,12,0,0
2025-01-20,907.2938874175459,938.0808703431668,0,0,0,3
2025-01-20,844.4225093475249,938.0808703431668,0,0,6,0
2025-01-21,901.0566545108309,938.0808703431668,0,0,0,3
2025-01-21,869.8205081817858,938.0808703431668,0,0,6,0
2025-01-22,878.1534964659104,938.0808703431668,0,0,6,0
2025-01-22,847.3664436230258,938.0808703431668,0,0,6,0
2025-01-23,888.1829439050764,938.0808703431668,0,0,6,0
2025-01-23,852.3562142754739,938.0808703431668,0,0,6,0
2025-01-24,869.8704118502664,938.0808703431668,0,0,6,0
2025-01-24,833.2952143071772,938.0808703431668,0,12,0,0
2025-01-27,844.472352827157,938.0808703431668,0,0,6,0
2025-01-27,803.3564573614559,938.0808703431668,0,12,0,0
2025-01-28,846.2687041531753,938.0808703431668,0,0,6,0
2025-01-28,801.4104629006827,938.0808703431668,0,12,0,0
2025-01-29,933.0910916501667,938.0808703431668,0,0,0,0
2025-01-29,818.3258771691302,938.0808703431668,0,12,0,0
2025-01-30,933.091075808503,938.0808703431668,0,0,0,0
2025-01-30,867.8745207031106,938.0808703431668,0,0,6,0
2025-01-31,911.1359713688908,938.0808703431668,0,0,0,3
2025-01-31,882.7440441972476,938.0808703431668,0,0,6,0
2025-02-01,916.1257871741592,938.0808703431668,0,0,0,3
2025-02-01,889.230796817384,938.0808703431668,0,0,6,0
2025-02-03,908.1420771000562,938.0808703431668,0,0,0,3
2025-02-03,846.0690570106692,938.0808703431668,0,0,6,0
2025-02-04,872.2156316690243,938.0808703431668,0,0,6,0
2025-02-04,835.2412855521205,938.0808703431668,0,12,0,0
2025-02-05,878.1035589791636,938.0808703431668,0,0,6,0
2025-02-05,839.2829555758269,938.0808703431668,0,12,0,0
2025-02-06,894.1707151161576,938.0808703431668,0,0,0,3
2025-02-06,848.1149111731326,938.0808703431668,0,0,6,0
2025-02-07,901.0,938.0808703431668,0,0,0,3
2025-02-07,870.25,938.0808703431668,0,0,6,0
2025-02-10,903.0,938.0808703431668,0,0,0,3
2025-02-10,864.5,938.0808703431668,0,0,6,0
2025-02-11,877.4000244140625,938.0808703431668,0,0,6,0
2025-02-11,820.0,938.0808703431668,0,12,0,0
2025-02-12,844.9000244140625,938.0808703431668,0,0,6,0
2025-02-12,780.5,938.0808703431668,26,0,0,0
2025-02-13,834.25,938.0808703431668,0,12,0,0
2025-02-13,812.0999755859375,938.0808703431668,0,12,0,0
2025-02-14,870.0,938.0808703431668,0,0,6,0
2025-02-14,800.2000122070312,938.0808703431668,0,12,0,0
2025-02-17,838.6500244140625,938.0808703431668,0,12,0,0
2025-02-17,810.0,938.0808703431668,0,12,0,0
2025-02-18,818.5999755859375,938.0808703431668,0,12,0,0
2025-02-18,778.0499877929688,938.0808703431668,26,0,0,0
2025-02-19,825.0,938.0808703431668,0,12,0,0
2025-02-19,778.5,938.0808703431668,26,0,0,0
2025-02-20,817.6500244140625,938.0808703431668,0,12,0,0
2025-02-20,798.75,938.0808703431668,0,13,0,0
2025-02-21,819.2999877929688,938.0808703431668,0,12,0,0
2025-02-21,797.9000244140625,938.0808703431668,0,13,0,0
2025-02-24,820.0,938.0808703431668,0,12,0,0
2025-02-24,791.4500122070312,938.0808703431668,25,0,0,0
2025-02-25,830.0,938.0808703431668,0,12,0,0
2025-02-25,805.0,938.0808703431668,0,12,0,0
2025-02-27,832.9500122070312,938.0808703431668,0,12,0,0
2025-02-27,816.0,938.0808703431668,0,12,0,0
2025-02-28,850.0,938.0808703431668,0,0,6,0
2025-02-28,781.0999755859375,938.0808703431668,26,0,0,0
2025-03-03,820.2999877929688,938.0808703431668,0,12,0,0
2025-03-03,765.0999755859375,938.0808703431668,26,0,0,0
2025-03-04,842.25,938.0808703431668,0,12,0,0
2025-03-04,794.8499755859375,938.0808703431668,25,0,0,0
2025-03-05,853.0999755859375,938.0808703431668,0,0,6,0
2025-03-05,828.8499755859375,938.0808703431668,0,12,0,0
2025-03-06,929.9500122070312,938.0808703431668,0,0,0,0
2025-03-06,845.0,938.0808703431668,0,0,6,0
2025-03-07,938.8499755859375,0,0,0,0,0
2025-03-07,880.0499877929688,938.8499755859375,0,0,6,0
2025-03-10,999.9000244140625,0,0,0,0,0
2025-03-10,926.0,999.9000244140625,0,0,5,0
2025-03-11,1022.900024414062,0,0,0,0,0
2025-03-11,942.5,1022.900024414062,0,0,5,0
2025-03-12,983.0,1022.900024414062,0,0,0,3
2025-03-12,943.1500244140625,1022.900024414062,0,0,5,0
2025-03-13,1011.549987792969,1022.900024414062,0,0,0,0
2025-03-13,970.0,1022.900024414062,0,0,5,0
2025-03-17,1074.400024414062,0,0,0,0,0
2025-03-17,993.0499877929688,1074.400024414062,0,0,5,0
2025-03-18,1033.099975585938,1074.400024414062,0,0,0,2
2025-03-18,1033.099975585938,1074.400024414062,0,0,0,2
2025-03-19,1050.0,1074.400024414062,0,0,0,2
2025-03-19,977.9500122070312,1074.400024414062,0,0,5,0
2025-03-20,1062.800048828125,1074.400024414062,0,0,0,0
2025-03-20,1021.549987792969,1074.400024414062,0,0,0,2
2025-03-21,1058.699951171875,1074.400024414062,0,0,0,0
2025-03-21,1032.0,1074.400024414062,0,0,0,2
2025-03-24,1057.199951171875,1074.400024414062,0,0,0,0
2025-03-24,1002.950012207031,1074.400024414062,0,0,5,0
2025-03-25,1030.75,1074.400024414062,0,0,0,2
2025-03-25,970.8499755859375,1074.400024414062,0,0,5,0
2025-03-26,1014.849975585938,1074.400024414062,0,0,5,0
2025-03-26,972.9000244140625,1074.400024414062,0,0,5,0
2025-03-27,1012.25,1074.400024414062,0,0,5,0
2025-03-27,963.0,1074.400024414062,0,10,0,0
2025-03-28,1008.0,1074.400024414062,0,0,5,0
2025-03-28,974.5,1074.400024414062,0,0,5,0
2025-04-01,1050.0,1074.400024414062,0,0,0,2
2025-04-01,978.0,1074.400024414062,0,0,5,0
2025-04-02,985.0,1074.400024414062,0,0,5,0
2025-04-02,965.0,1074.400024414062,0,10,0,0
2025-04-03,988.4500122070312,1074.400024414062,0,0,5,0
2025-04-03,915.1500244140625,1074.400024414062,0,11,0,0
2025-04-04,934.9000244140625,1074.400024414062,0,11,0,0
2025-04-04,867.25,1074.400024414062,23,0,0,0
2025-04-07,833.2999877929688,1074.400024414062,24,0,0,0
2025-04-07,710.5499877929688,1074.400024414062,28,0,0,0
2025-04-08,850.0,1074.400024414062,24,0,0,0
2025-04-08,804.7000122070312,1074.400024414062,25,0,0,0
2025-04-09,814.5499877929688,1074.400024414062,25,0,0,0
2025-04-09,760.0,1074.400024414062,26,0,0,0
2025-04-11,899.0,1074.400024414062,22,0,0,0
2025-04-11,802.0,1074.400024414062,25,0,0,0
2025-04-15,947.5,1074.400024414062,0,11,0,0
2025-04-15,861.0,1074.400024414062,23,0,0,0
2025-04-16,954.7000122070312,1074.400024414062,0,10,0,0
2025-04-16,917.2999877929688,1074.400024414062,0,11,0,0
2025-04-17,930.0,1074.400024414062,0,11,0,0
2025-04-17,901.2000122070312,1074.400024414062,22,0,0,0
