Date,Value
2020-04-17,30.21950149536133
2020-04-17,30.15567849153296
2020-04-20,31.72728538513184
2020-04-20,31.71930598792308
2020-04-21,32.22988380030974
2020-04-21,30.14770525542816
2020-04-22,30.27534451629705
2020-04-22,28.64789446914275
2020-04-23,30.45085144042969
2020-04-23,29.00689101579649
2020-04-24,31.91077323791636
2020-04-24,28.9590261047594
2020-04-27,30.7779422487296
2020-04-27,28.24103553285537
2020-04-28,30.32321156581072
2020-04-28,29.03880547239489
2020-04-29,30.90558603847841
2020-04-29,28.97498262396368
2020-04-30,30.8736727867866
2020-04-30,29.67701882639369
2020-05-04,29.98017377553188
2020-05-04,28.75958459485084
2020-05-05,29.83657237149514
2020-05-05,27.64270684545133
2020-05-06,28.71171919181346
2020-05-06,27.45124220431348
2020-05-07,29.03880439187682
2020-05-07,26.96460233917223
2020-05-08,29.22229307587049
2020-05-08,28.00170386197999
2020-05-11,29.16644698838637
2020-05-11,27.44326540528905
2020-05-12,28.00170298961308
2020-05-12,26.97258284017666
2020-05-13,29.13453704998883
2020-05-13,27.48315473765643
2020-05-14,28.07350145610719
2020-05-14,27.27573213096719
2020-05-15,28.48036465135631
2020-05-15,27.14808833633718
2020-05-18,28.95902601759077
2020-05-18,26.37425509731903
2020-05-19,27.11618106799907
2020-05-19,25.68817322626739
2020-05-20,27.2677550101679
2020-05-20,25.68817215598726
2020-05-21,26.8928041240179
2020-05-21,26.00727965642826
2020-05-22,26.80504954017956
2020-05-22,25.85570508808835
2020-05-26,27.28371072583016
2020-05-26,25.84772659147034
2020-05-27,27.34753200581538
2020-05-27,25.96739141258038
2020-05-28,27.92192396511282
2020-05-28,26.02323228337565
2020-05-29,28.39261070624725
2020-05-29,27.54697411701136
2020-06-01,29.50151062011718
2020-06-01,29.50151062011718
2020-06-02,30.96940422058105
2020-06-02,30.32320998704478
2020-06-03,32.5170783996582
2020-06-03,32.38943542133442
2020-06-04,34.13654708862305
2020-06-04,32.70853939443755
2020-06-05,40.95748122006131
2020-06-05,36.69739249168762
2020-06-08,44.34799956988295
2020-06-08,38.45248438992289
2020-06-09,39.40980843925986
2020-06-09,35.37309429625877
2020-06-10,36.53783154467295
2020-06-10,34.97420452351295
2020-06-11,38.29292631504547
2020-06-11,34.99016190729254
2020-06-12,36.68143478966002
2020-06-12,33.52226885598563
2020-06-15,36.53783306953703
2020-06-15,35.42095788348907
2020-06-16,43.07954397480835
2020-06-16,35.97939569499424
2020-06-17,37.81426959280478
2020-06-17,36.11501997192245
2020-06-18,38.91518587572262
2020-06-18,36.15490480004473
2020-06-19,38.58012108783923
2020-06-19,37.55897743038879
2020-06-22,40.19959361084547
2020-06-22,37.89404087405927
2020-06-23,39.98419788487008
2020-06-23,38.03764181926175
2020-06-24,39.30609179702862
2020-06-24,37.01649487342517
2020-06-25,35.08589570083498
2020-06-25,30.82580724366683
2020-06-26,34.46363514771652
2020-06-26,31.91077272135818
2020-06-29,40.66230392456055
2020-06-29,35.14971794879231
2020-06-30,43.39864782901793
2020-06-30,38.29292348092824
2020-07-01,40.65432571009539
2020-07-01,37.71853423231548
2020-07-02,39.68104721974138
2020-07-02,37.49515794920521
2020-07-03,38.44450197281275
2020-07-03,37.25582740452948
2020-07-06,38.75563619023121
2020-07-06,37.53504702456671
2020-07-07,38.19719294374827
2020-07-07,36.49794357127139
2020-07-08,37.14414239534432
2020-07-08,35.89962110158649
2020-07-09,38.91518624695684
2020-07-09,36.11501728781077
2020-07-10,38.24506148513989
2020-07-10,36.69739004406823
2020-07-13,37.45527125567799
2020-07-13,36.31446085193588
2020-07-14,36.36232815378584
2020-07-14,35.26140560715285
2020-07-15,36.53783309003961
2020-07-15,35.10184896817311
2020-07-16,35.80388287121865
2020-07-16,34.3120522626172
2020-07-17,37.49515927934537
2020-07-17,34.59127934548179
2020-07-20,37.43133707758657
2020-07-20,36.37828176114414
2020-07-21,37.35155777386506
2020-07-21,35.90759426882625
2020-07-22,37.61482563186448
2020-07-22,35.66029013847067
2020-07-23,36.92874115269333
2020-07-23,36.07512825612564
2020-07-24,36.32243532028996
2020-07-24,35.46882241121922
2020-07-27,35.81984146555342
2020-07-27,34.34396648906393
2020-07-28,35.36511101616655
2020-07-28,34.7667841006115
2020-07-29,37.28774291518691
2020-07-29,34.94229894282002
2020-07-30,36.50592652914126
2020-07-30,34.9502786284489
2020-07-31,35.99535701843525
2020-07-31,34.78274707959226
2020-08-03,35.53264896423776
2020-08-03,34.67105657189854
2020-08-04,35.42096156518019
2020-08-04,34.39183833820668
2020-08-05,35.23747193036433
2020-08-05,34.46363770388503
2020-08-06,35.64433372916236
2020-08-06,34.39183613080145
2020-08-07,35.89962109281696
2020-08-07,34.7986985271943
2020-08-10,36.05917495158851
2020-08-10,33.54620030109756
2020-08-11,36.69738981744671
2020-08-11,34.90240879376725
2020-08-12,35.66028618342642
2020-08-12,34.82262907723231
2020-08-13,35.37309333493558
2020-08-13,34.55936822735807
2020-08-14,35.74006597943907
2020-08-14,34.5354356098074
2020-08-17,35.58051116200799
2020-08-17,34.65509885414159
2020-08-18,36.53783413505008
2020-08-18,34.8066761767301
2020-08-19,37.25582568319032
2020-08-19,35.57253202909114
2020-08-20,36.66547570012561
2020-08-20,35.63635258951643
2020-08-21,37.16009422247446
2020-08-21,35.92354941388146
2020-08-24,36.641544111169
2020-08-24,35.83579541573751
2020-08-25,36.23467946294704
2020-08-25,35.18960364730462
2020-08-26,35.77995367566925
2020-08-26,35.26140543070578
2020-08-27,36.76121328745446
2020-08-27,35.10185157062905
2020-08-28,36.93671760083824
2020-08-28,35.57253284227131
2020-08-31,36.1947925630533
2020-08-31,33.51428720782968
2020-09-01,35.08589506155251
2020-09-01,33.53024424639649
2020-09-02,34.86252439245099
2020-09-02,34.18441855697694
2020-09-03,34.78274063647294
2020-09-03,34.14452579826441
2020-09-04,34.12059425040502
2020-09-04,33.42653579271479
2020-09-07,33.95306139830375
2020-09-07,33.08349276788067
2020-09-08,33.96902260654836
2020-09-08,33.02765446848932
2020-09-09,33.15529633452578
2020-09-09,32.35752695918997
2020-09-10,33.18720117336856
2020-09-10,32.46921063990406
2020-09-11,33.34675744145662
2020-09-11,32.70854258503251
2020-09-14,34.1844135143312
2020-09-14,33.07551466689933
2020-09-15,34.46363548451127
2020-09-15,33.46642382722361
2020-09-16,34.13654955568739
2020-09-16,33.42653535565869
2020-09-17,33.45844481960835
2020-09-17,32.70854274015952
2020-09-18,33.53821898362212
2020-09-18,32.62876255311326
2020-09-21,33.17124864653429
2020-09-21,31.4879549522556
2020-09-22,32.02245966709368
2020-09-22,29.35791004575226
2020-09-23,31.56773217909086
2020-09-23,30.47478904790768
2020-09-24,30.46681028365249
2020-09-24,29.51746585575316
2020-09-25,32.45325525253723
2020-09-25,28.32878640365355
2020-09-28,31.50391308226579
2020-09-28,30.6343443659517
2020-09-29,31.06513847588061
2020-09-29,30.13972611936499
2020-09-30,31.41615770328707
2020-09-30,30.16366007329981
2020-10-01,32.5489861722739
2020-10-01,30.91355974903892
2020-10-05,32.26976650819523
2020-10-05,31.27255495382113
2020-10-06,32.53303300910132
2020-10-06,31.3124468815701
2020-10-07,32.15808660614226
2020-10-07,30.62636772818524
2020-10-08,31.86290561123661
2020-10-08,30.28332271955422
2020-10-09,30.94547215344862
2020-10-09,30.33118942177871
2020-10-12,30.61838679579185
2020-10-12,29.19835536265823
2020-10-13,30.61838601119119
2020-10-13,29.36588847716908
2020-10-14,30.2913009179332
2020-10-14,29.5493752347049
2020-10-15,30.13174578806801
2020-10-15,29.51746308304194
2020-10-16,29.91635025175961
2020-10-16,28.88722707271943
2020-10-19,29.70892983164452
2020-10-19,29.37386514585521
2020-10-20,29.89241938511014
2020-10-20,29.35791232262214
2020-10-21,30.17163682396357
2020-10-21,29.32600021037534
2020-10-22,30.17163403204699
2020-10-22,29.27813328742019
2020-10-23,31.4241354737974
2020-10-23,29.99612754946789
2020-10-26,31.27255807591488
2020-10-26,30.06792469374752
2020-10-27,30.59445237547684
2020-10-27,29.70095158419894
2020-10-28,30.13972425718001
2020-10-28,29.19835620608109
2020-10-29,29.8126400081358
2020-10-29,28.71969684155297
2020-10-30,29.81263668179075
2020-10-30,28.68778213606552
2020-11-02,29.67702198580082
2020-11-02,29.19835852473625
2020-11-03,29.75679534735962
2020-11-03,29.34993432881349
2020-11-04,29.98017362059677
2020-11-04,29.1664485187642
2020-11-05,29.99612624692541
2020-11-05,29.29409141230591
2020-11-06,30.4747889071036
2020-11-06,29.61319657298491
2020-11-09,30.55456315511286
2020-11-09,29.96421558556732
2020-11-10,31.19277622296621
2020-11-10,30.0041017536303
2020-11-11,31.03322726415124
2020-11-11,30.00410412759067
2020-11-12,31.03322870190351
2020-11-12,30.38703443763148
2020-11-13,31.1130044996425
2020-11-13,30.48276598580856
2020-11-14,31.09704760900515
2020-11-14,29.73286280742291
2020-11-17,31.05716078221314
2020-11-17,30.08388120941962
2020-11-18,31.11300328774675
2020-11-18,30.15567950101255
2020-11-19,33.34675864393521
2020-11-19,30.6183888931194
2020-11-20,33.47440545866579
2020-11-20,32.24583977282537
2020-11-23,33.32282250655221
2020-11-23,32.54898534700241
2020-11-24,33.25102529125473
2020-11-24,32.07032707029443
2020-11-25,32.50112586344367
2020-11-25,31.59166621438449
2020-11-26,32.38943178348052
2020-11-26,31.11300214360626
2020-11-27,31.95066102644737
2020-11-27,31.32042252598717
2020-12-01,32.86011885881199
2020-12-01,31.59166545406513
2020-12-02,32.84416515319199
2020-12-02,31.32840509994505
2020-12-03,33.18720294181278
2020-12-03,31.75121875511628
2020-12-04,33.10742701751019
2020-12-04,31.73526280342688
2020-12-07,33.66586473751578
2020-12-07,32.23785697418191
2020-12-08,34.9422977590717
2020-12-08,32.95585373416704
2020-12-09,34.55936508774357
2020-12-09,33.32282330804223
2020-12-10,34.30407790148328
2020-12-10,32.87607020729779
2020-12-11,34.62318876068558
2020-12-11,32.95585080564511
2020-12-14,34.2881267618756
2020-12-14,33.07551696827396
2020-12-15,33.98497017613522
2020-12-15,32.94787071878805
2020-12-16,34.38385771301851
2020-12-16,33.05956071585453
2020-12-17,35.26140122819601
2020-12-17,33.88923715332447
2020-12-18,35.26140919151653
2020-12-18,33.2829413828261
2020-12-21,35.88366482206717
2020-12-21,32.70056683537584
2020-12-22,33.873282844562
2020-12-22,32.24583278557005
2020-12-23,34.68701101284073
2020-12-23,33.02765234541499
2020-12-24,34.69498634322792
2020-12-24,33.34675435054803
2020-12-28,34.05677449957096
2020-12-28,33.16327362606436
2020-12-29,34.04081567241235
2020-12-29,33.18720273723399
2020-12-30,34.35195188309759
2020-12-30,33.18720623186829
2020-12-31,34.69499120433498
2020-12-31,33.53822501038535
2021-01-01,35.39702552397188
2021-01-01,34.32801446368099
2021-01-04,35.74006498523335
2021-01-04,34.35194807040435
2021-01-05,35.26140583526924
2021-01-05,34.31205836225809
2021-01-06,35.05398106241218
2021-01-06,33.59406486271863
2021-01-07,34.70296719467999
2021-01-07,33.84137482425965
2021-01-08,34.59925428942316
2021-01-08,33.64990990151498
2021-01-11,34.82263252654959
2021-01-11,33.88924082649284
2021-01-12,35.18162507897029
2021-01-12,34.30408006212233
2021-01-13,35.40500483652287
2021-01-13,34.31205862874022
2021-01-14,35.08588936743999
2021-01-14,34.4077867586197
2021-01-15,35.1018504981789
2021-01-15,34.30408116867483
2021-01-18,35.69220191581516
2021-01-18,33.98497295728876
2021-01-19,34.55936451018589
2021-01-19,33.92912605692127
2021-01-20,34.86252062112445
2021-01-20,34.00092827676168
2021-01-21,34.61521441225524
2021-01-21,32.97978772099007
2021-01-22,33.87328448076101
2021-01-22,32.96382794599681
2021-01-25,33.8014832298821
2021-01-25,31.99852601273242
2021-01-27,33.44248926853783
2021-01-27,32.22988254992354
2021-01-28,33.80148616105125
2021-01-28,32.71651936924835
2021-01-29,33.34675461062134
2021-01-29,32.22987946750379
2021-02-01,34.10463860353116
2021-02-01,32.70854228642755
2021-02-02,34.04879285907788
2021-02-02,33.36271079649201
2021-02-03,34.46363499594341
2021-02-03,33.442488203948
2021-02-04,36.21074432476363
2021-02-04,33.51428351531798
2021-02-05,35.42095852497401
2021-02-05,34.17643730778359
2021-02-08,35.580516535943
2021-02-08,34.6072398686044
2021-02-09,35.81984563533019
2021-02-09,34.6231915901844
2021-02-10,35.92355311494975
2021-02-10,34.70296697451331
2021-02-11,36.6016549876739
2021-02-11,35.34915747627682
2021-02-12,37.01650003840954
2021-02-12,35.42096129612031
2021-02-15,39.23429827971454
2021-02-15,35.86771052846557
2021-02-16,38.69181328040391
2021-02-16,37.01649887112914
2021-02-17,39.2183437744592
2021-02-17,36.91279068408065
2021-02-18,39.56935672768908
2021-02-18,37.367514761715
2021-02-19,38.46843837849223
2021-02-19,37.49515881415756
2021-02-22,38.0456204866425
2021-02-22,35.85973409827922
2021-02-23,36.64952425645832
2021-02-23,35.91557788692022
2021-02-24,38.28495127735169
2021-02-24,35.89961965460526
2021-02-25,38.51630480194797
2021-02-25,36.96863329592206
2021-02-26,37.97381803582671
2021-02-26,35.7400645707631
2021-03-01,40.77398833962508
2021-03-01,36.72929833825583
2021-03-02,43.39864905276408
2021-03-02,40.84578680673415
2021-03-03,43.87731279228925
2021-03-03,41.38029395763668
2021-03-04,42.12222290566447
2021-03-04,40.84579310737866
2021-03-05,42.05840113260223
2021-03-05,39.09069817487427
2021-03-08,40.33521672193327
2021-03-08,38.93114105603697
2021-03-09,40.50274776033426
2021-03-09,38.62798807780479
2021-03-10,39.65711221230367
2021-03-10,38.10146142786979
2021-03-12,39.6491381794031
2021-03-12,37.750446232356
2021-03-15,39.09069442950337
2021-03-15,37.43133287867548
2021-03-16,40.61443497550867
2021-03-16,38.81945404899547
2021-03-17,39.65711435906974
2021-03-17,37.88606844017508
2021-03-18,38.93113769288951
2021-03-18,36.37827555627011
2021-03-19,37.49515629384101
2021-03-19,35.13375994699146
2021-03-22,37.47122485579064
2021-03-22,36.23468001078054
2021-03-23,38.08550813962595
2021-03-23,36.93671838732068
2021-03-24,37.76640180300353
2021-03-24,36.45806053332658
2021-03-25,37.35155740513856
2021-03-25,35.74804249312803
2021-03-26,37.28774050548551
2021-03-26,35.93153201102118
2021-03-30,37.67066838489306
2021-03-30,35.14971744734876
2021-03-31,37.16009682905866
2021-03-31,34.59127861421605
2021-04-01,35.89962170069706
2021-04-01,35.10185232957046
2021-04-05,35.58050895684507
2021-04-05,34.08868124335707
2021-04-06,36.8489623977698
2021-04-06,34.69498775005593
2021-04-07,36.42614954152377
2021-04-07,34.2562158676393
2021-04-08,35.2215162290674
2021-04-08,34.52745473871591
2021-04-09,35.54860506850684
2021-04-09,34.14452923968322
2021-04-12,35.10184928212788
2021-04-12,33.5860863912821
2021-04-13,36.28254627976203
2021-04-13,33.6658640303068
2021-04-15,34.86251883973846
2021-04-15,32.4931430570584
2021-04-16,34.76678841592277
2021-04-16,33.3467569573401
2021-04-19,34.00092789417441
2021-04-19,33.18720281473754
2021-04-20,33.99294830864174
2021-04-20,33.1951790567825
2021-04-22,34.54341045942042
2021-04-22,33.44248796126152
2021-04-23,34.85453911731269
2021-04-23,33.8254190480661
2021-04-26,34.64712385254955
2021-04-26,33.66586789632147
2021-04-27,34.31206035200628
2021-04-27,33.50631460180191
2021-04-28,34.86252054187879
2021-04-28,33.82542101521504
2021-04-29,34.71892330955597
2021-04-29,33.74564370538261
2021-04-30,34.39981010744308
2021-04-30,33.50630937618759
2021-05-03,34.38385727239589
2021-05-03,33.8254211700391
2021-05-04,38.1971955879287
2021-05-04,33.89721947447114
2021-05-05,37.51909335984713
2021-05-05,35.89962247535408
2021-05-06,36.99256158518384
2021-05-06,35.89961849640289
2021-05-07,37.33560534227782
2021-05-07,35.78793388347125
2021-05-10,37.47920128638825
2021-05-10,36.08310501371346
2021-05-11,38.93114118672334
2021-05-11,36.69738775793358
2021-05-12,38.13337129606326
2021-05-12,36.26659104343316
2021-05-14,36.85694555553089
2021-05-14,35.85973384160013
2021-05-17,36.85694160327986
2021-05-17,35.8916414980858
2021-05-18,36.72132230073081
2021-05-18,35.89962084196537
2021-05-19,37.08031966323424
2021-05-19,36.15490732298115
2021-05-20,38.73967785675651
2021-05-20,36.78514248564992
2021-05-21,37.89403907375128
2021-05-21,36.39423204356491
2021-05-24,38.20517112592387
2021-05-24,36.85694211028622
2021-05-25,38.58012612472227
2021-05-25,37.49515932540773
2021-05-26,37.90202013999755
2021-05-26,36.2187293829029
2021-05-27,38.28494721550599
2021-05-27,36.27456836294965
2021-05-28,37.6467342115375
2021-05-28,36.73727764717305
2021-05-31,38.13337395254405
2021-05-31,36.62559038254633
2021-06-01,38.27697577401036
2021-06-01,36.72930422035007
2021-06-02,38.05359864358985
2021-06-02,36.65750227962454
2021-06-03,38.83540957866912
2021-06-03,37.47122481268045
2021-06-04,39.55340316247808
2021-06-04,38.45248068172046
2021-06-07,39.25024960469971
2021-06-07,37.17604762855295
2021-06-08,38.91518984645005
2021-06-08,37.6148279326881
2021-06-09,39.25822842007062
2021-06-09,37.81426786495928
2021-06-10,40.20757197777859
2021-06-10,38.02168286327887
2021-06-11,40.35915102090416
2021-06-11,39.04283039297741
2021-06-14,39.49755847235733
2021-06-14,38.04561852481088
2021-06-15,41.40422954394454
2021-06-15,38.78754406583815
2021-06-16,40.67028055633293
2021-06-16,38.73170081818297
2021-06-17,39.80071085765906
2021-06-17,38.45248180345222
2021-06-18,39.09867412632852
2021-06-18,36.5458146656173
2021-06-21,39.4018269254434
2021-06-21,37.41538298769487
2021-06-22,41.77917961289384
2021-06-22,38.02168674025332
2021-06-23,42.3216637289744
2021-06-23,40.20757676143243
2021-06-24,41.45208943964001
2021-06-24,39.07473744326978
2021-06-25,40.00015261982448
2021-06-25,38.92316527122626
2021-06-28,39.33800608233676
2021-06-28,38.46045800845739
2021-06-29,39.72891363463313
2021-06-29,38.16528641487556
2021-06-30,40.68623706635874
2021-06-30,38.2849526491187
2021-07-01,41.88289069784473
2021-07-01,38.80350053295009
2021-07-02,40.81388278809701
2021-07-02,38.9311464984565
2021-07-05,43.49438339212733
2021-07-05,39.89644207948032
2021-07-06,45.26543275420191
2021-07-06,41.48400482180075
2021-07-07,44.9941882293078
2021-07-07,42.60088040952011
2021-07-08,44.94632357121927
2021-07-08,42.13019884792179
2021-07-09,43.91719518739598
2021-07-09,41.97063937574728
2021-07-12,44.03686687864287
2021-07-12,42.4413282456721
2021-07-13,43.68584138197824
2021-07-13,42.64874199907727
2021-07-14,43.08751777008082
2021-07-14,41.53187009798137
2021-07-15,42.61683268425573
2021-07-15,40.15970493004234
2021-07-16,41.06118796593253
2021-07-16,40.08790841951961
2021-07-19,41.32445635687653
2021-07-19,39.94431559175056
2021-07-20,41.16489550379562
2021-07-20,38.77158755489475
2021-07-22,39.77678028810973
2021-07-22,38.89923217693578
2021-07-23,39.64913836589067
2021-07-23,38.69181451159328
2021-07-26,39.92835406951865
2021-07-26,38.78754369239682
2021-07-27,40.20757578141853
2021-07-27,39.50553791311004
2021-07-28,42.12222175837539
2021-07-28,38.4365281533703
2021-07-29,44.09009213555558
2021-07-29,42.38180259504713
2021-07-30,44.07382367860096
2021-07-30,41.82051044350566
2021-08-02,43.05698796458608
2021-08-02,41.57647210394411
2021-08-03,42.28418954302933
2021-08-03,41.27548802001415
2021-08-04,41.97506565799752
2021-08-04,40.20983662092893
2021-08-05,42.10522763274845
2021-08-05,39.70549237290443
2021-08-06,41.80424136609771
2021-08-06,40.57590248605305
2021-08-09,41.43004581788737
2021-08-09,39.90885710861668
2021-08-10,41.43004477696789
2021-08-10,38.63984125493876
2021-08-11,39.6973523606708
2021-08-11,37.58233069718668
2021-08-12,39.68108546053265
2021-08-12,38.55849853313363
2021-08-13,40.67352056046452
2021-08-13,39.04657973804594
2021-08-16,39.90885698359261
2021-08-16,38.38766517594426
2021-08-17,39.38823334648895
2021-08-17,38.44460785289974
2021-08-18,39.03844389473034
2021-08-18,37.81823835620104
2021-08-20,38.25751057719321
2021-08-20,36.69564895348098
2021-08-23,37.65554217884734
2021-08-23,34.95482094165509
2021-08-24,37.25694473778559
2021-08-24,35.60560077276569
2021-08-25,38.03787186791463
2021-08-25,36.77699345707167
2021-08-26,37.84264286090534
2021-08-26,36.65497683796302
2021-08-27,37.73688909542084
2021-08-27,36.72005115642742
2021-08-30,38.23310391010641
2021-08-30,36.87461000536229
2021-08-31,37.4196370875857
2021-08-31,36.60616671611645
2021-09-01,37.72875570085765
2021-09-01,36.94782180649004
2021-09-02,37.98906602142274
2021-09-02,37.13492277329689
2021-09-03,37.73688909542084
2021-09-03,37.09424677322265
2021-09-06,37.81823813092184
2021-09-06,36.9315553207467
2021-09-07,37.35456005759801
2021-09-07,36.28077935545355
2021-09-08,38.63984385390799
2021-09-08,36.9478239387965
2021-09-09,37.98906679573314
2021-09-09,36.90714971708332
2021-09-13,37.73689226371369
2021-09-13,37.09424988756089
2021-09-14,38.78626518835623
2021-09-14,37.32201922987014
2021-09-15,38.13549241192148
2021-09-15,37.46844694632281
2021-09-16,38.94896187962493
2021-09-16,37.24880869550638
2021-09-17,38.39580042599132
2021-09-17,36.60616506867207
2021-09-20,37.24880468324549
2021-09-20,36.1994272824385
2021-09-21,37.01290437924037
2021-09-21,35.33715418471897
2021-09-22,37.4196378863348
2021-09-22,36.73632263558905
2021-09-23,38.72119148957414
2021-09-23,36.92342257182568
2021-09-24,38.24123917447319
2021-09-24,37.01290033106689
2021-09-27,38.72119148957414
2021-09-27,36.58989981738753
2021-09-28,38.33885611203405
2021-09-28,36.93155286525872
2021-09-29,37.48471637209571
2021-09-29,36.47601174164308
2021-09-30,38.80253667017559
2021-09-30,37.59860091355215
2021-10-01,37.90771731897173
2021-10-01,37.3057509937583
2021-10-04,38.63984093163817
2021-10-04,37.5172509999021
2021-10-05,40.67351893812971
2021-10-05,38.14362556367512
2021-10-06,40.68978914832964
2021-10-06,39.07911815372591
2021-10-07,39.89258588271602
2021-10-07,38.51781903367112
2021-10-08,40.01460865709534
2021-10-08,38.55849897043721
2021-10-11,40.00647051419134
2021-10-11,39.04657529005928
2021-10-12,40.02273978957925
2021-10-12,39.06284457751966
2021-10-13,40.18543757084145
2021-10-13,39.17673294536362
2021-10-14,39.97393484821386
2021-10-14,39.07098221022465
2021-10-18,39.77870082555364
2021-10-18,38.54222553767278
2021-10-19,39.33942330904579
2021-10-19,37.83450142641557
2021-10-20,38.55849467067488
2021-10-20,37.51725054387823
2021-10-21,38.38766716887332
2021-10-21,37.38709894638325
2021-10-22,38.07041112296039
2021-10-22,37.33828968208491
2021-10-25,38.03787400781387
2021-10-25,36.88274754544198
2021-10-26,38.1436270620229
2021-10-26,36.93155788781466
2021-10-27,38.54222597368032
2021-10-27,37.47657870021093
2021-10-28,38.55849738332558
2021-10-28,37.11051799190376
2021-10-29,37.94025709319504
2021-10-29,36.37025905017263
2021-11-01,37.58232908317788
2021-11-01,36.93155345337272
2021-11-02,37.65554380503107
2021-11-02,37.0942472691903
2021-11-03,37.76129262099254
2021-11-03,37.14305651278697
2021-11-04,38.4202068419404
2021-11-04,37.41150527786382
2021-11-08,39.53465555247787
2021-11-08,38.42833854513688
2021-11-09,39.81124002894477
2021-11-09,38.48528551886579
2021-11-10,39.32315631849972
2021-11-10,38.16802682327634
2021-11-11,38.94082628722452
2021-11-11,38.2493777043187
2021-11-12,38.70491996347671
2021-11-12,37.98906520100498
2021-11-15,38.54222696510496
2021-11-15,37.58233168110961
2021-11-16,38.39580341377345
2021-11-16,37.76943083481317
2021-11-17,38.23310728543708
2021-11-17,37.34642446043632
2021-11-18,37.74502790942067
2021-11-18,37.34642604689537
2021-11-22,37.8101006719297
2021-11-22,36.76885963961894
2021-11-23,37.89145232509929
2021-11-23,36.60616761703678
2021-11-24,37.87518069032838
2021-11-24,37.25694148530815
2021-11-25,37.58232889233335
2021-11-25,36.68750969064508
2021-11-26,37.07798210326747
2021-11-26,36.06927744782166
2021-11-29,36.88274882939192
2021-11-29,35.29648089567836
2021-11-30,37.26507980083803
2021-11-30,35.49171409678041
2021-12-01,37.08611565415909
2021-12-01,35.84150693536519
2021-12-02,38.23310480715555
2021-12-02,36.57362461970767
2021-12-03,38.07041162066542
2021-12-03,36.9478216728754
2021-12-06,37.69621484565493
2021-12-06,36.60616449004779
2021-12-07,37.1837265737784
2021-12-07,36.68750919553619
2021-12-08,37.33828971996864
2021-12-08,36.33771847441375
2021-12-09,37.58233165821795
2021-12-09,36.28077720628565
2021-12-10,37.90771706771547
2021-12-10,36.94782180649004
2021-12-13,37.73689241128827
2021-12-13,36.85834596843622
2021-12-14,38.03787323309723
2021-12-14,36.47601160821157
2021-12-15,37.09424973875306
2021-12-15,36.36212822603361
2021-12-16,36.86647835478877
2021-12-16,35.95539237381441
2021-12-17,36.19129986909017
2021-12-17,35.46730859829378
2021-12-20,35.77642698364517
2021-12-20,34.16575600165845
2021-12-21,35.45104226962153
2021-12-21,34.36912512528137
2021-12-22,35.61373261217501
2021-12-22,34.66197374722829
2021-12-23,36.14248883912924
2021-12-23,35.22326645083226
2021-12-24,36.28077690521417
2021-12-24,35.36155763038503
2021-12-27,36.10181828185945
2021-12-27,35.15819271425342
2021-12-28,36.50041400513131
2021-12-28,34.12508205510106
2021-12-29,36.32145456046331
2021-12-29,35.32088323882098
2021-12-30,35.9553904748706
2021-12-30,35.01176498291215
2021-12-31,36.26450786329052
2021-12-31,35.30461265045715
2022-01-03,36.01233174604961
2022-01-03,35.32088010626406
2022-01-04,36.73632142508167
2022-01-04,35.39409408647737
2022-01-05,37.54165690169565
2022-01-05,35.95538914048514
2022-01-06,36.45161187004732
2022-01-06,35.10938439039869
2022-01-07,36.54922375754818
2022-01-07,35.51611602134267
2022-01-10,36.5004122118313
2022-01-10,35.15818805225122
2022-01-11,36.09367845786581
2022-01-11,34.97109161232472
2022-01-12,36.60616511690792
2022-01-12,35.53238452173007
2022-01-13,36.27264480674265
2022-01-13,35.38596195769985
2022-01-14,35.87404007306048
2022-01-14,35.49171113064152
2022-01-17,36.08554799014248
2022-01-17,35.29648069711789
2022-01-18,36.45160566197595
2022-01-18,35.38595844009674
2022-01-19,35.76829256775576
2022-01-19,35.24767203610674
2022-01-20,35.63000060793729
2022-01-20,35.15005297867792
2022-01-21,35.61372944695304
2022-01-21,34.85720180470522
2022-01-24,35.6300020997477
2022-01-24,33.77529062237778
2022-01-25,34.60503193193421
2022-01-25,33.72648240100194
2022-01-27,34.30404137143608
2022-01-27,33.84036354449808
2022-01-28,34.2552360207932
2022-01-28,34.00305910189181
2022-01-31,34.23896763135463
2022-01-31,33.37668793124227
2022-02-01,38.19243172376817
2022-02-01,35.61372922414974
2022-02-02,38.19243429039388
2022-02-02,36.54108733787902
2022-02-03,39.81937276308633
2022-02-03,37.647405396227
2022-02-04,38.4608804405583
2022-02-04,37.13492589105018
2022-02-07,37.74502386268818
2022-02-07,36.62243395894662
2022-02-08,38.07040983579431
2022-02-08,36.85020437244741
2022-02-09,39.03844406698784
2022-02-09,37.11051707334148
2022-02-10,38.88388173821212
2022-02-10,37.94025626534505
2022-02-11,37.67181363293081
2022-02-11,36.28077695361743
2022-02-14,36.58989704951377
2022-02-14,35.49984662424678
2022-02-15,36.44346981761492
2022-02-15,35.45103813456786
2022-02-16,36.91528638215878
2022-02-16,35.84963907678581
2022-02-17,37.0454414892965
2022-02-17,36.11808576162774
2022-02-18,36.59803452234815
2022-02-18,35.83337036324136
2022-02-21,36.05300998538436
2022-02-21,35.07684482774386
2022-02-22,34.9792268339358
2022-02-22,34.49927917883281
2022-02-23,35.79269738497592
2022-02-23,34.97922698986283
2022-02-24,34.78399096827344
2022-02-24,33.84036548185096
2022-02-25,35.08497302113846
2022-02-25,34.16575076269085
2022-02-28,35.2232639753154
2022-02-28,33.81596070448279
2022-03-02,34.87347345271444
2022-03-02,34.28777690384669
2022-03-03,35.22326733075321
2022-03-03,34.58876141839929
2022-03-04,35.58932363765225
2022-03-04,34.07626846764008
2022-03-07,35.13378678963286
2022-03-07,33.93798736647695
2022-03-08,35.14191967563654
2022-03-08,34.40166178263132
2022-03-09,35.62999843341114
2022-03-09,34.33658053540589
2022-03-10,36.03673456724871
2022-03-10,35.30461314089321
2022-03-11,38.3876649527656
2022-03-11,35.46730625286258
2022-03-14,39.84378237904403
2022-03-14,38.45274865044342
2022-03-15,42.78853837562318
2022-03-15,40.01460465766598
2022-03-16,47.01045448004939
2022-03-16,42.46315488576793
2022-03-17,48.61298881354164
2022-03-17,45.06626054367408
2022-03-21,49.53221338890332
2022-03-21,44.79781579164543
2022-03-22,48.87330003912856
2022-03-22,46.04242049490261
2022-03-23,48.79195238017023
2022-03-23,47.14874186174193
2022-03-24,48.10863953696693
2022-03-24,46.13190619298783
2022-03-25,47.01858455979427
2022-03-25,44.74900158920292
2022-03-28,47.13247291917618
2022-03-28,44.33413591609894
2022-03-29,48.48283300679688
2022-03-29,44.74087053092247
2022-03-30,49.19869001017703
2022-03-30,45.8797323519726
2022-03-31,48.7675487268165
2022-03-31,46.20511585028831
2022-04-01,53.91681674535938
2022-04-01,47.67750031010562
2022-04-04,55.31598800831648
2022-04-04,52.87557677265546
2022-04-05,54.66520599980353
2022-04-05,53.03826527116311
2022-04-06,56.13759304187661
2022-04-06,53.5344840844694
2022-04-07,57.59370465622478
2022-04-07,53.72972040022021
2022-04-08,55.64137259246725
2022-04-08,54.50251287326127
2022-04-11,56.51992827229314
2022-04-11,54.59200111670836
2022-04-12,55.50308527341492
2022-04-12,52.93251596236216
2022-04-13,60.7499617408612
2022-04-13,54.55131587277819
2022-04-18,61.01027753845401
2022-04-18,55.68204415091447
2022-04-19,60.8963921965592
2022-04-19,57.10561730567609
2022-04-20,59.4402748414371
2022-04-20,57.43913863914565
2022-04-21,58.88711851392068
2022-04-21,56.94292486157827
2022-04-22,59.35893156346773
2022-04-22,56.32468447162436
2022-04-25,57.43100391403846
2022-04-25,55.47054365087857
2022-04-26,58.08178261464487
2022-04-26,55.96676100477032
2022-04-27,58.40717020532943
2022-04-27,54.01442933032293
2022-04-28,57.59370362103998
2022-04-28,53.85173502271693
2022-04-29,55.96676661121649
2022-04-29,54.03070306613618
2022-05-02,56.74769447450691
2022-05-02,53.47754012740223
2022-05-04,56.11318578773479
2022-05-04,54.01443085828732
2022-05-05,56.89411703772146
2022-05-05,54.55131850823589
2022-05-06,60.18053865000054
2022-05-06,56.12945361485792
2022-05-09,57.0405398422171
2022-05-09,54.99059120451725
2022-05-10,56.12945384584757
2022-05-10,53.1521494019635
2022-05-11,56.11319386053823
2022-05-11,51.4113325922377
2022-05-12,54.33982660291159
2022-05-12,49.95521842727505
2022-05-13,53.64836549401933
2022-05-13,50.88256824869946
2022-05-16,53.4450023063372
2022-05-16,49.76811886289309
2022-05-17,56.12944968526251
2022-05-17,54.51877578961534
2022-05-18,57.75639680767945
2022-05-18,55.79593021871115
2022-05-19,56.61753535201856
2022-05-19,54.50251367456149
2022-05-20,57.76452754232077
2022-05-20,55.79592470630629
2022-05-23,57.8540108611165
2022-05-23,55.31598125177224
2022-05-24,56.73955832203871
2022-05-24,54.51878148060365
2022-05-25,56.12945632092962
2022-05-25,53.03826638885658
2022-05-26,56.1294525824586
2022-05-26,49.13360900909054
2022-05-27,55.32411783785481
2022-05-27,52.15158236941971
2022-05-30,55.2183677058307
2022-05-30,52.72915030444275
2022-05-31,57.39846213229881
2022-05-31,52.22479055030199
2022-06-01,54.66520265638533
2022-06-01,52.55018107976843
2022-06-02,55.64137657459148
2022-06-02,53.30671429344718
2022-06-03,56.29214244718374
2022-06-03,54.69774139913156
2022-06-06,56.11318558076878
2022-06-06,54.90924677261811
2022-06-07,56.21893669299934
2022-06-07,54.33982216021617
2022-06-08,54.65707860529634
2022-06-08,53.85173843423843
2022-06-09,54.5025184969804
2022-06-09,52.28174150506858
2022-06-10,54.33168517735145
2022-06-10,52.71288092587864
2022-06-13,52.54204689419175
2022-06-13,50.27246697751853
2022-06-14,51.06966811619525
2022-06-14,49.29630248632452
2022-06-15,51.20796027553214
2022-06-15,49.81692669129707
2022-06-16,52.88370831956409
2022-06-16,48.09236543040083
2022-06-17,49.62982500459271
2022-06-17,47.99475095604927
2022-06-20,48.36894921954379
2022-06-20,45.87973178256942
2022-06-21,49.28816795056238
2022-06-21,46.20511462184708
2022-06-22,49.08480219261051
2022-06-22,46.1888465616605
2022-06-23,48.48283194862622
2022-06-23,46.60371741335207
2022-06-24,49.23122359226394
2022-06-24,47.62868608664787
2022-06-27,49.92267626304965
2022-06-27,48.15744703109372
2022-06-28,52.06210356167099
2022-06-28,47.99475172091544
2022-06-29,51.8668679851252
2022-06-29,50.87443627142908
2022-06-30,51.81806273452708
2022-06-30,49.62982547243403
2022-07-01,51.88313990322068
2022-07-01,49.62982657564519
2022-07-04,53.67277861573741
2022-07-04,52.04583474615065
2022-07-05,55.28344312622147
2022-07-05,53.36365264243926
2022-07-06,54.46183937579166
2022-07-06,53.03826621295318
2022-07-07,54.81163218721867
2022-07-07,53.03826650354379
2022-07-08,54.29914662623325
2022-07-08,53.14402020249476
2022-07-11,54.63267379805567
2022-07-11,53.00573303513018
2022-07-12,54.15272607977025
2022-07-12,52.87557775756965
2022-07-13,55.90982506356415
2022-07-13,53.68904807165234
2022-07-14,54.40489332674747
2022-07-14,51.75298142166249
2022-07-15,53.03826793717035
2022-07-15,51.11034704884637
2022-07-18,54.665204296169
2022-07-18,51.3055740304921
2022-07-19,55.95862323515625
2022-07-19,54.03883281166765
2022-07-20,55.23464200199649
2022-07-20,54.33982579352168
2022-07-21,55.31598254138232
2022-07-21,54.01443125225407
2022-07-22,55.31598094680211
2022-07-22,54.03069637058839
2022-07-25,57.38220280936014
2022-07-25,54.94992804906013
2022-07-26,58.52918868943324
2022-07-26,54.67334100182808
2022-07-27,56.65007276638786
2022-07-27,54.86857077397583
2022-07-28,56.94292680172632
2022-07-28,55.83660658450415
2022-07-29,57.96789518321793
2022-07-29,55.80406121114827
2022-08-01,65.07762876932352
2022-08-01,61.33566635634468
2022-08-02,63.77607905671734
2022-08-02,62.31182988966412
2022-08-03,63.60525070902727
2022-08-03,62.14913799069318
2022-08-04,65.61609849591956
2022-08-04,61.57576350944628
2022-08-05,65.09342837653166
2022-08-05,63.96511964144428
2022-08-08,68.85999309900228
2022-08-08,64.21401892692515
2022-08-10,72.75929004367671
2022-08-10,68.07183783199737
2022-08-11,72.26151054826475
2022-08-11,70.22889879832057
2022-08-12,71.59779972850306
2022-08-12,69.68962878932084
2022-08-16,72.8920301977806
2022-08-16,69.1586574045716
2022-08-17,74.38538468204933
2022-08-17,72.35276673049212
2022-08-18,73.34003990596169
2022-08-18,71.84668817102846
2022-08-19,75.2979842496695
2022-08-19,72.69292013529419
2022-08-22,78.80735140944668
2022-08-22,72.26150480976482
2022-08-23,79.57892155841748
2022-08-23,76.16081506852521
2022-08-24,79.64529165772723
2022-08-24,77.02363110243361
2022-08-25,82.63198824755267
2022-08-25,76.5341469138411
2022-08-26,78.14364501656867
2022-08-26,74.94124020033892
2022-08-29,84.62312145013713
2022-08-29,74.675758259817
2022-08-30,83.89303708828643
2022-08-30,79.8112113594134
2022-09-01,82.74813640265064
2022-09-01,80.68233845512177
2022-09-02,82.86427935950856
2022-09-02,80.84825783699209
2022-09-05,81.96827765332694
2022-09-05,79.72825014270995
2022-09-06,80.25921774135875
2022-09-06,76.01147314740375
2022-09-07,80.93952671516419
2022-09-07,76.54244664327325
2022-09-08,81.42901209276901
2022-09-08,79.75313894175031
2022-09-09,81.88530681888126
2022-09-09,78.16023220835527
2022-09-12,80.54959280441787
2022-09-12,78.15193822802823
2022-09-13,80.93123300351162
2022-09-13,78.49209394484754
2022-09-14,81.63642137301312
2022-09-14,78.15193622919571
2022-09-15,80.07670145612296
2022-09-15,77.57119608939962
2022-09-16,78.81565275422594
2022-09-16,73.17410876206783
2022-09-19,75.72939430138462
2022-09-19,72.22002731378741
2022-09-20,75.99487918646886
2022-09-20,73.60552277842596
2022-09-21,75.07397883887974
2022-09-21,71.68076073996724
2022-09-22,76.49265939242008
2022-09-22,71.21615856242217
2022-09-23,76.24377242942947
2022-09-23,72.62654839451791
2022-09-26,72.4606193142363
2022-09-26,68.07183747597738
2022-09-27,70.50267639181027
2022-09-27,66.73611716938315
2022-09-28,72.34446386125359
2022-09-28,68.12160756529515
2022-09-29,73.49766794300797
2022-09-29,72.10388141026777
2022-09-30,74.00374589866094
2022-09-30,70.18741036211814
2022-10-03,73.27366236947427
2022-10-03,70.18740654517984
2022-10-04,72.3444715262334
2022-10-04,70.38652424489564
2022-10-06,74.30241697903084
2022-10-06,70.80134173449925
2022-10-07,74.57620263021313
2022-10-07,71.86328757949259
2022-10-10,75.76257809517566
2022-10-10,72.03750346817375
2022-10-11,75.39753731624562
2022-10-11,72.01261737383037
2022-10-12,73.45619170790428
2022-10-12,71.1829840471959
2022-10-13,72.6929225859585
2022-10-13,71.18298087430425
2022-10-14,73.56403810030746
2022-10-14,71.34890501037766
2022-10-17,73.34003938761641
2022-10-17,70.5192674247006
2022-10-18,74.99931684966717
2022-10-18,72.71781112117952
2022-10-19,76.99045175336838
2022-10-19,73.97056826010258
2022-10-20,77.80349092518244
2022-10-20,74.83338382771797
2022-10-21,77.95282238737104
2022-10-21,74.68404510434205
2022-10-24,77.30571070951842
2022-10-24,75.50539679945983
2022-10-25,79.70336394554347
2022-10-25,76.32673577894317
2022-10-27,81.57834868716499
2022-10-27,79.64528961794933
2022-10-28,81.63641964682898
2022-10-28,78.60823822754466
2022-10-31,82.78132204862216
2022-10-31,80.97271000676378
2022-11-01,81.80234876783777
2022-11-01,80.10159376674468
2022-11-02,81.88531057475026
2022-11-02,76.658592259346
2022-11-03,82.79791045634035
2022-11-03,78.48378720758218
2022-11-04,79.56232803113008
2022-11-04,77.32230043495203
2022-11-07,79.81121310886665
2022-11-07,77.17296269208967
2022-11-09,79.10601734563801
2022-11-09,76.34332005330492
2022-11-10,78.3012745830695
2022-11-10,75.24820483580467
2022-11-11,77.77029749398203
2022-11-11,73.87099976392653
2022-11-14,75.99487940795139
2022-11-14,73.83782074208784
2022-11-15,75.4970934037202
2022-11-15,73.89589105966455
2022-11-16,74.5015285504302
2022-11-16,72.19512855278067
2022-11-17,73.09114074231904
2022-11-17,71.18297624703786
2022-11-18,72.28639187729185
2022-11-18,70.9340835571529
2022-11-21,72.65143376717371
2022-11-21,70.37822634436252
2022-11-22,72.16195701399941
2022-11-22,70.3201585950915
2022-11-23,74.6840459928777
2022-11-23,71.56461016580326
2022-11-24,75.49709817155203
2022-11-24,73.01648100392852
2022-11-25,74.06182114336595
2022-11-25,72.01261950268272
2022-11-28,73.48936674975987
2022-11-28,70.6851850686312
2022-11-29,72.17854215387317
2022-11-29,68.69406334036928
2022-11-30,71.18298325550991
2022-11-30,69.10888708057826
2022-12-01,71.921359792484
2022-12-01,69.82237551106881
2022-12-02,70.78475212517438
2022-12-02,69.40755559300396
2022-12-05,73.0081802983613
2022-12-05,69.05080785586618
2022-12-06,72.41913975587299
2022-12-06,70.51926698003078
2022-12-07,72.17024352938758
2022-12-07,70.51926486542528
2022-12-08,72.8007776806204
2022-12-08,71.14979885366661
2022-12-09,74.99931249639967
2022-12-09,71.95454109277145
2022-12-12,74.41856481562822
2022-12-12,72.61825093737211
2022-12-13,74.31901346564165
2022-12-13,72.51040140129923
2022-12-14,74.48493124166336
2022-12-14,72.84225082698572
2022-12-15,74.21115755523186
2022-12-15,72.50210435679911
2022-12-16,73.33173737281928
2022-12-16,70.40311484541503
2022-12-19,74.56789594071492
2022-12-19,71.38208757303981
2022-12-20,74.8333822079565
2022-12-20,73.02477021715687
2022-12-21,74.50153110885246
2022-12-21,69.68962584039808
2022-12-22,71.64758112947024
2022-12-22,66.96012235404132
2022-12-23,68.25434947888289
2022-12-23,61.55916773656745
2022-12-26,67.8644263341357
2022-12-26,62.47177652099609
2022-12-27,69.30799538219345
2022-12-27,66.96011710006763
2022-12-28,70.35334714087627
2022-12-28,68.0884312569832
2022-12-29,69.68133077032407
2022-12-29,68.70235715840181
2022-12-30,70.4114126016352
2022-12-30,69.02591167658939
2023-01-02,70.92578823300501
2023-01-02,69.68962873371774
2023-01-03,70.97557087165549
2023-01-03,69.68962876146338
2023-01-04,70.85112400839716
2023-01-04,68.78532606607372
2023-01-05,70.27037805951788
2023-01-05,69.27481439645454
2023-01-06,70.42800859264655
2023-01-06,68.45347133007901
2023-01-09,70.4694972405124
2023-01-09,68.36221466030378
2023-01-10,68.71065118062452
2023-01-10,67.44130545714684
2023-01-11,69.6647357844334
2023-01-11,67.70678870117544
2023-01-12,69.847255790065
2023-01-12,68.03034575003704
2023-01-13,70.02148408806809
2023-01-13,67.79805286375296
2023-01-16,69.85555893716858
2023-01-16,67.86443160746374
2023-01-17,68.36220720136743
2023-01-17,67.35004731433837
2023-01-18,68.51154862258176
2023-01-18,67.80635716584135
2023-01-19,69.34117553181419
2023-01-19,67.31685591131925
2023-01-20,70.35334027191325
2023-01-20,68.37879678908902
2023-01-23,71.01704740617838
2023-01-23,69.44073314402395
2023-01-24,70.97557435043016
2023-01-24,69.44903625894554
2023-01-25,71.00875009757048
2023-01-25,69.47392026989826
2023-01-27,70.17911341507155
2023-01-27,67.07626738579424
2023-01-30,71.04193343045877
2023-01-30,68.35390680502809
2023-01-31,77.15637728178869
2023-01-31,70.52756771557699
2023-02-01,76.32673593760913
2023-02-01,71.61438937871031
2023-02-02,75.8206601829853
2023-02-02,71.7886166636995
2023-02-03,75.92850526842055
2023-02-03,71.34890398380354
2023-02-06,74.9993196850126
2023-02-06,72.99159608715495
2023-02-07,75.17353949329808
2023-02-07,72.46061825211873
2023-02-08,74.61767972730733
2023-02-08,72.31128598786954
2023-02-09,75.84553836805534
2023-02-09,73.30684697793326
2023-02-10,75.06568791417975
2023-02-10,73.01647997980874
2023-02-13,75.27309434185646
2023-02-13,69.4905137176186
2023-02-14,72.65973366022985
2023-02-14,70.17911025039007
2023-02-15,73.83781660226106
2023-02-15,71.3074169845978
2023-02-16,73.5225645488353
2023-02-16,72.17854792941061
2023-02-17,73.67189112384868
2023-02-17,72.23661393267992
2023-02-20,75.5053927467932
2023-02-20,71.63927475481272
2023-02-21,74.1696719701222
2023-02-21,71.88816643951219
2023-02-22,72.17853957170867
2023-02-22,70.97556644403561
2023-02-23,71.76372827686437
2023-02-23,70.47778610536544
2023-02-24,72.23662195567664
2023-02-24,71.2742446135496
2023-02-27,71.84668907195646
2023-02-27,69.71451849178911
2023-02-28,70.72667174422436
2023-02-28,69.39095344890077
2023-03-01,71.65586864179015
2023-03-01,70.22888962575325
2023-03-02,72.22002761267191
2023-03-02,70.35334115165139
2023-03-03,71.84668721019769
2023-03-03,70.56075143363931
2023-03-06,71.8383862207108
2023-03-06,70.52756235553323
2023-03-08,71.63097492562866
2023-03-08,70.05466706217567
2023-03-09,73.17410335546569
2023-03-09,70.70178450160279
2023-03-10,71.91305683196146
2023-03-10,70.70178552639335
2023-03-13,72.05409416300294
2023-03-13,69.44073192296891
2023-03-14,70.35333725996158
2023-03-14,66.53699564260349
2023-03-15,68.84340043516501
2023-03-15,67.06796835290385
2023-03-16,68.01376194817713
2023-03-16,65.34232516445054
2023-03-17,68.68576693901126
2023-03-17,66.92693117440761
2023-03-20,68.32072883818952
2023-03-20,66.20515447245769
2023-03-21,68.48666110979188
2023-03-21,67.11775631081015
2023-03-22,70.27037562037785
2023-03-22,68.25435389245878
2023-03-23,70.26207921382414
2023-03-23,68.03034985764384
2023-03-24,70.15422964138224
2023-03-24,68.2626548712431
2023-03-27,69.43244124820663
2023-03-27,67.20071187764964
2023-03-28,67.53256746574677
2023-03-28,65.59121030569119
2023-03-29,68.70235269060845
2023-03-29,66.04751238836779
2023-03-31,70.1044437607045
2023-03-31,68.36220441246085
2023-04-03,71.68075647196933
2023-04-03,68.84339476417675
2023-04-05,72.51040251519042
2023-04-05,70.69349226618318
2023-04-06,72.32787710138146
2023-04-06,70.71008472782309
2023-04-10,72.05409292313483
2023-04-10,70.02148139899484
2023-04-11,71.83009531948956
2023-04-11,70.85112173892536
2023-04-12,73.6719011476619
2023-04-12,70.9838678570421
2023-04-13,78.48379224769346
2023-04-13,72.64313708712314
2023-04-17,78.8156497669533
2023-04-17,75.01590429065425
2023-04-18,77.16467009614195
2023-04-18,75.25649922599123
2023-04-19,77.82008662506804
2023-04-19,75.31457504250119
2023-04-20,77.5214134584884
2023-04-20,76.01147183658762
2023-04-21,77.97771289296341
2023-04-21,76.34332420184514
2023-04-24,77.3222933677632
2023-04-24,75.76257551455231
2023-04-25,79.23876880845529
2023-04-25,75.61324656383402
2023-04-26,77.50482380122372
2023-04-26,73.83782330882043
2023-04-27,75.51368439298788
2023-04-27,73.84611576610627
2023-04-28,75.49709720385384
2023-04-28,74.63427247625313
2023-05-02,77.08171183741783
2023-05-02,75.72109894891821
2023-05-03,77.54630370198643
2023-05-03,75.87872871469473
2023-05-04,78.62483521475025
2023-05-04,76.23547869380657
2023-05-05,78.31787052799434
2023-05-05,75.92021592666025
2023-05-08,79.28024624306703
2023-05-08,76.49266061549109
2023-05-09,82.30012944394446
2023-05-09,75.67132018311186
2023-05-10,78.81564496205755
2023-05-10,76.32672985799258
2023-05-11,78.30957216707833
2023-05-11,76.35992309099314
2023-05-12,78.15193861869267
2023-05-12,76.16081142379116
2023-05-15,77.63757158124827
2023-05-15,75.7791768022881
2023-05-16,77.65415243985662
2023-05-16,75.85383864335502
2023-05-17,76.94067172877658
2023-05-17,75.40584178943175
2023-05-18,77.13978723077409
2023-05-18,74.99931847279221
2023-05-19,76.32673211006669
2023-05-19,74.94123751370375
2023-05-22,76.10273354647182
2023-05-22,75.00761110691684
2023-05-23,77.02362863651955
2023-05-23,75.5136869503682
2023-05-24,76.81621449371939
2023-05-24,74.19456050679737
2023-05-25,75.29798429606625
2023-05-25,71.18297851840511
2023-05-26,72.84225389796426
2023-05-26,71.68905703077166
2023-05-29,74.435162717004
2023-05-29,72.52699175091072
2023-05-30,75.04079533545853
2023-05-30,73.14092885339994
2023-05-31,74.99101436180884
2023-05-31,72.692918782154
2023-06-01,74.65915715162096
2023-06-01,73.92077948883671
2023-06-02,74.28582595792565
2023-06-02,73.34003865185383
2023-06-05,74.8084970946949
2023-06-05,73.67189647558604
2023-06-06,74.58450027043831
2023-06-06,73.17411106322575
2023-06-07,74.41856288156858
2023-06-07,73.69678151548409
2023-06-08,74.5015285504302
2023-06-08,72.34446371335311
2023-06-09,73.24878288257604
2023-06-09,71.14150036299588
2023-06-12,72.17854330125911
2023-06-12,70.86771306472062
2023-06-13,72.30298992698968
2023-06-13,71.4401652063601
2023-06-14,72.58505868139157
2023-06-14,71.27423487702555
2023-06-15,72.28639401832662
2023-06-15,70.68519159765337
2023-06-16,72.21172766173056
2023-06-16,71.34890295940896
2023-06-19,72.16195993257269
2023-06-19,70.35334773892242
2023-06-20,71.08342177995573
2023-06-20,69.87215041732422
2023-06-21,71.0170494570191
2023-06-21,70.01318770051543
2023-06-22,71.07512291218201
2023-06-22,69.94681413889644
2023-06-23,70.35334086818995
2023-06-23,69.12547321595811
2023-06-26,68.52813748223296
2023-06-26,64.92750950148867
2023-06-27,70.60222770155876
2023-06-27,67.54915808761704
2023-06-28,70.5856424342509
2023-06-28,68.69406773840699
2023-06-30,70.22889435885746
2023-06-30,69.21673446160993
2023-07-03,70.57734652697822
2023-07-03,68.69406992808901
2023-07-04,69.02591450650726
2023-07-04,68.3622075635371
2023-07-05,69.63155331615499
2023-07-05,68.3870956777128
2023-07-06,70.51926162964405
2023-07-06,68.6691652747901
2023-07-07,71.89646840913667
2023-07-07,69.86385048535836
2023-07-10,70.78474703081062
2023-07-10,69.35776799030856
2023-07-11,70.57733897240655
2023-07-11,69.86384943660076
2023-07-12,70.85112800074376
2023-07-12,70.24548912066246
2023-07-13,71.1083068882689
2023-07-13,69.2084341824572
2023-07-14,70.2620786866674
2023-07-14,68.03034934723115
2023-07-17,69.88874408489328
2023-07-17,68.859994137547
2023-07-18,70.11274390077232
2023-07-18,69.03421143438817
2023-07-19,70.02148475137687
2023-07-19,69.22503261820805
2023-07-20,70.5192658162054
2023-07-20,69.49880777288276
2023-07-21,70.809644056984
2023-07-21,70.02978817832053
2023-07-24,70.96727183206184
2023-07-24,68.9512502005014
2023-07-25,70.96727062887271
2023-07-25,69.0922860426312
2023-07-26,70.51097198410154
2023-07-26,69.77259425017152
2023-07-27,70.60222349346259
2023-07-27,69.5153992623687
2023-07-28,69.85555672300282
2023-07-28,69.31629678059
2023-07-31,70.68519650568892
2023-07-31,69.68963285391726
2023-08-01,72.01261357453727
2023-08-01,70.41970308196191
2023-08-02,72.26150500589105
2023-08-02,70.68519074436678
2023-08-03,84.61123083090824
2023-08-03,80.92404847895455
2023-08-04,84.0
2023-08-04,82.12000274658203
2023-08-07,83.36000061035156
2023-08-07,82.0
2023-08-08,82.69999694824219
2023-08-08,81.41000366210938
2023-08-09,82.5
2023-08-09,81.62000274658203
2023-08-10,82.7699966430664
2023-08-10,82.02999877929688
2023-08-11,83.18000030517578
2023-08-11,82.05999755859375
2023-08-14,83.19000244140625
2023-08-14,82.04000091552734
2023-08-16,88.37000274658203
2023-08-16,82.4000015258789
2023-08-17,90.4000015258789
2023-08-17,88.18000030517578
2023-08-18,90.36000061035156
2023-08-18,87.16999816894531
2023-08-21,88.94000244140625
2023-08-21,85.94999694824219
2023-08-22,87.79000091552734
2023-08-22,86.12000274658203
2023-08-23,89.76000213623047
2023-08-23,86.41000366210938
2023-08-24,91.58999633789062
2023-08-24,89.2300033569336
2023-08-25,92.98999786376953
2023-08-25,89.9800033569336
2023-08-28,92.55999755859375
2023-08-28,90.55999755859375
2023-08-29,92.79000091552734
2023-08-29,90.08999633789062
2023-08-30,91.52999877929688
2023-08-30,89.20999908447266
2023-08-31,90.4000015258789
2023-08-31,88.19999694824219
2023-09-01,91.5
2023-09-01,87.70999908447266
2023-09-04,94.62000274658203
2023-09-04,89.81999969482422
2023-09-05,96.83999633789062
2023-09-05,92.01000213623047
2023-09-06,108.8000030517578
2023-09-06,94.30999755859375
2023-09-07,111.1900024414062
2023-09-07,107.5699996948242
2023-09-08,110.3499984741211
2023-09-08,106.6399993896484
2023-09-11,120.1600036621094
2023-09-11,108.6399993896484
2023-09-12,120.3899993896484
2023-09-12,108.5400009155273
2023-09-13,122.2399978637695
2023-09-13,110.3099975585938
2023-09-14,121.8000030517578
2023-09-14,117.6900024414062
2023-09-15,124.379997253418
2023-09-15,117.0
2023-09-18,123.2600021362305
2023-09-18,118.5999984741211
2023-09-20,121.3000030517578
2023-09-20,117.7600021362305
2023-09-21,122.0400009155273
2023-09-21,118.5699996948242
2023-09-22,121.1900024414062
2023-09-22,117.4300003051758
2023-09-25,121.6399993896484
2023-09-25,117.5100021362305
2023-09-26,121.0
2023-09-26,118.8199996948242
2023-09-27,120.8899993896484
2023-09-27,112.0100021362305
2023-09-28,121.1999969482422
2023-09-28,118.7200012207031
2023-09-29,120.4800033569336
2023-09-29,118.1999969482422
2023-10-03,121.0
2023-10-03,118.0100021362305
2023-10-04,119.7600021362305
2023-10-04,116.7200012207031
2023-10-05,122.9700012207031
2023-10-05,117.5999984741211
2023-10-06,120.3099975585938
2023-10-06,117.2099990844727
2023-10-09,119.2399978637695
2023-10-09,110.5100021362305
2023-10-10,119.9700012207031
2023-10-10,115.1999969482422
2023-10-11,134.9799957275391
2023-10-11,119.25
2023-10-12,130.6900024414062
2023-10-12,127.4300003051758
2023-10-13,131.3000030517578
2023-10-13,128.0
2023-10-16,129.6399993896484
2023-10-16,121.120002746582
2023-10-17,125.0999984741211
2023-10-17,120.6600036621094
2023-10-18,123.1999969482422
2023-10-18,118.0999984741211
2023-10-19,120.2900009155273
2023-10-19,117.5999984741211
2023-10-20,123.7900009155273
2023-10-20,119.1999969482422
2023-10-23,121.0800018310547
2023-10-23,114.0
2023-10-25,116.879997253418
2023-10-25,110.0899963378906
2023-10-26,117.5899963378906
2023-10-26,108.620002746582
2023-10-27,120.1900024414062
2023-10-27,113.8000030517578
2023-10-30,116.9800033569336
2023-10-30,111.2399978637695
2023-10-31,114.0899963378906
2023-10-31,109.0
2023-11-01,111.0
2023-11-01,106.8000030517578
2023-11-02,110.7900009155273
2023-11-02,107.4100036621094
2023-11-03,112.0500030517578
2023-11-03,110.0
2023-11-06,112.5999984741211
2023-11-06,110.2799987792969
2023-11-07,112.6699981689453
2023-11-07,110.0599975585938
2023-11-08,111.9899978637695
2023-11-08,110.0
2023-11-09,111.4000015258789
2023-11-09,108.9800033569336
2023-11-10,112.5899963378906
2023-11-10,109.7099990844727
2023-11-13,113.1900024414062
2023-11-13,110.5999984741211
2023-11-15,113.5999984741211
2023-11-15,111.6100006103516
2023-11-16,115.8000030517578
2023-11-16,113.4000015258789
2023-11-17,115.0800018310547
2023-11-17,112.4599990844727
2023-11-20,115.0100021362305
2023-11-20,113.2200012207031
2023-11-21,115.3399963378906
2023-11-21,113.0100021362305
2023-11-22,115.5999984741211
2023-11-22,112.3000030517578
2023-11-23,115.3099975585938
2023-11-23,113.2699966430664
2023-11-24,114.8000030517578
2023-11-24,113.0
2023-11-28,114.1800003051758
2023-11-28,111.8000030517578
2023-11-29,113.3899993896484
2023-11-29,111.9700012207031
2023-11-30,113.25
2023-11-30,110.4000015258789
2023-12-01,114.5999984741211
2023-12-01,112.8000030517578
2023-12-04,115.7600021362305
2023-12-04,113.0
2023-12-05,115.7799987792969
2023-12-05,111.6100006103516
2023-12-06,118.0
2023-12-06,114.6100006103516
2023-12-07,116.0599975585938
2023-12-07,113.4000015258789
2023-12-08,115.8000030517578
2023-12-08,113.8600006103516
2023-12-11,116.3899993896484
2023-12-11,114.1999969482422
2023-12-12,115.9199981689453
2023-12-12,113.8000030517578
2023-12-13,117.3199996948242
2023-12-13,114.1999969482422
2023-12-14,118.629997253418
2023-12-14,116.0599975585938
2023-12-15,117.1999969482422
2023-12-15,115.7799987792969
2023-12-18,118.6900024414062
2023-12-18,115.5999984741211
2023-12-19,117.1600036621094
2023-12-19,115.1999969482422
2023-12-20,121.7399978637695
2023-12-20,113.0
2023-12-21,116.0
2023-12-21,113.0699996948242
2023-12-22,119.3199996948242
2023-12-22,116.0
2023-12-26,125.5999984741211
2023-12-26,119.0
2023-12-27,124.5999984741211
2023-12-27,121.3199996948242
2023-12-28,123.0699996948242
2023-12-28,120.5999984741211
2023-12-29,122.879997253418
2023-12-29,119.6800003051758
2024-01-01,123.0
2024-01-01,119.0899963378906
2024-01-02,120.6100006103516
2024-01-02,116.4899978637695
2024-01-03,119.6399993896484
2024-01-03,117.0
2024-01-04,119.9899978637695
2024-01-04,117.5199966430664
2024-01-05,120.2699966430664
2024-01-05,117.7399978637695
2024-01-08,119.3899993896484
2024-01-08,117.5999984741211
2024-01-09,120.1800003051758
2024-01-09,118.9199981689453
2024-01-10,120.8000030517578
2024-01-10,118.0
2024-01-11,119.620002746582
2024-01-11,118.0599975585938
2024-01-12,119.4100036621094
2024-01-12,117.5999984741211
2024-01-15,126.1999969482422
2024-01-15,117.620002746582
2024-01-16,128.1999969482422
2024-01-16,122.0
2024-01-17,127.9100036621094
2024-01-17,123.0400009155273
2024-01-18,127.0
2024-01-18,119.5999984741211
2024-01-19,127.7900009155273
2024-01-19,123.629997253418
2024-01-23,125.5400009155273
2024-01-23,115.4100036621094
2024-01-24,124.6699981689453
2024-01-24,116.5999984741211
2024-01-25,122.3199996948242
2024-01-25,119.0899963378906
2024-01-29,124.379997253418
2024-01-29,120.5999984741211
2024-01-30,128.1499938964844
2024-01-30,124.1900024414062
2024-01-31,127.1699981689453
2024-01-31,123.8099975585938
2024-02-01,125.1500015258789
2024-02-01,122.6399993896484
2024-02-02,125.5999984741211
2024-02-02,116.5999984741211
2024-02-05,115.9199981689453
2024-02-05,105.7099990844727
2024-02-06,110.5999984741211
2024-02-06,107.3099975585938
2024-02-07,111.4000015258789
2024-02-07,108.1999969482422
2024-02-08,109.6900024414062
2024-02-08,105.7799987792969
2024-02-09,122.9899978637695
2024-02-09,100.0
2024-02-12,108.4000015258789
2024-02-12,102.5999984741211
2024-02-13,104.6900024414062
2024-02-13,99.91000366210938
2024-02-14,105.4199981689453
2024-02-14,100.7699966430664
2024-02-15,107.7200012207031
2024-02-15,103.8499984741211
2024-02-16,107.7399978637695
2024-02-16,106.0
2024-02-19,108.5599975585938
2024-02-19,106.0100021362305
2024-02-20,112.9800033569336
2024-02-20,106.5999984741211
2024-02-21,114.3899993896484
2024-02-21,109.6800003051758
2024-02-22,111.1900024414062
2024-02-22,108.5599975585938
2024-02-23,110.4800033569336
2024-02-23,108.2099990844727
2024-02-26,110.0500030517578
2024-02-26,107.0
2024-02-27,108.0
2024-02-27,106.0
2024-02-28,107.7399978637695
2024-02-28,104.1800003051758
2024-02-29,105.9400024414062
2024-02-29,100.1999969482422
2024-03-01,105.0
2024-03-01,102.7200012207031
2024-03-04,107.0500030517578
2024-03-04,104.9100036621094
2024-03-05,106.8000030517578
2024-03-05,104.3399963378906
2024-03-06,107.1699981689453
2024-03-06,103.7300033569336
2024-03-07,105.6399993896484
2024-03-07,104.0
2024-03-11,104.4000015258789
2024-03-11,101.5999984741211
2024-03-12,103.3600006103516
2024-03-12,100.8300018310547
2024-03-13,102.3199996948242
2024-03-13,98.19999694824219
2024-03-14,99.87999725341797
2024-03-14,95.19999694824219
2024-03-15,101.0
2024-03-15,97.44000244140625
2024-03-18,101.7300033569336
2024-03-18,98.70999908447266
2024-03-19,100.9599990844727
2024-03-19,99.0
2024-03-20,100.5400009155273
2024-03-20,98.37999725341797
2024-03-21,101.120002746582
2024-03-21,100.0
2024-03-22,100.8399963378906
2024-03-22,98.4000015258789
2024-03-26,99.33999633789062
2024-03-26,97.0199966430664
2024-03-27,98.4000015258789
2024-03-27,96.69999694824219
2024-03-28,100.7900009155273
2024-03-28,96.0
2024-04-01,100.6900024414062
2024-04-01,97.94999694824219
2024-04-02,102.0
2024-04-02,99.51000213623047
2024-04-03,103.2399978637695
2024-04-03,100.9800033569336
2024-04-04,103.8600006103516
2024-04-04,101.8000030517578
2024-04-05,103.8000030517578
2024-04-05,102.0
2024-04-08,103.7399978637695
2024-04-08,102.4000015258789
2024-04-09,103.8199996948242
2024-04-09,100.4700012207031
2024-04-10,102.4800033569336
2024-04-10,100.3199996948242
2024-04-12,101.620002746582
2024-04-12,100.1699981689453
2024-04-15,100.4100036621094
2024-04-15,96.68000030517578
2024-04-16,99.08999633789062
2024-04-16,97.62000274658203
2024-04-18,99.0
2024-04-18,97.38999938964844
2024-04-19,98.58000183105469
2024-04-19,96.02999877929688
2024-04-22,99.20999908447266
2024-04-22,98.18000030517578
2024-04-23,101.0899963378906
2024-04-23,98.61000061035156
2024-04-24,102.2900009155273
2024-04-24,99.83000183105469
2024-04-25,101.0
2024-04-25,98.2699966430664
2024-04-26,108.0
2024-04-26,103.129997253418
2024-04-29,107.5400009155273
2024-04-29,105.6999969482422
2024-04-30,107.4000015258789
2024-04-30,105.4400024414062
2024-05-02,107.629997253418
2024-05-02,105.9499969482422
2024-05-03,108.8199996948242
2024-05-03,105.0
2024-05-06,107.0899963378906
2024-05-06,103.4100036621094
2024-05-07,105.4599990844727
2024-05-07,102.4000015258789
2024-05-08,106.0999984741211
2024-05-08,103.5899963378906
2024-05-09,105.3600006103516
2024-05-09,100.870002746582
2024-05-10,103.9400024414062
2024-05-10,99.9000015258789
2024-05-13,105.0899963378906
2024-05-13,101.7399978637695
2024-05-14,107.1999969482422
2024-05-14,102.8600006103516
2024-05-15,103.5599975585938
2024-05-15,100.8099975585938
2024-05-16,103.129997253418
2024-05-16,100.4000015258789
2024-05-17,103.4000015258789
2024-05-17,101.2600021362305
2024-05-21,103.4000015258789
2024-05-21,101.8099975585938
2024-05-22,103.0400009155273
2024-05-22,102.0
2024-05-23,105.0
2024-05-23,102.0999984741211
2024-05-24,104.5999984741211
2024-05-24,102.9899978637695
2024-05-27,104.7300033569336
2024-05-27,102.4000015258789
2024-05-28,103.3399963378906
2024-05-28,101.1999969482422
2024-05-29,101.7699966430664
2024-05-29,100.6600036621094
2024-05-30,101.7799987792969
2024-05-30,100.0999984741211
2024-05-31,101.4899978637695
2024-05-31,99.4000015258789
2024-06-03,101.8499984741211
2024-06-03,99.06999969482422
2024-06-04,99.81999969482422
2024-06-04,93.01000213623047
2024-06-05,98.97000122070312
2024-06-05,93.83000183105469
2024-06-06,99.5999984741211
2024-06-06,97.51000213623047
2024-06-07,102.9499969482422
2024-06-07,99.77999877929688
2024-06-10,106.4700012207031
2024-06-10,103.4100036621094
2024-06-11,106.9300003051758
2024-06-11,104.3199996948242
2024-06-12,108.0
2024-06-12,105.5999984741211
2024-06-13,109.370002746582
2024-06-13,105.6100006103516
2024-06-14,115.2300033569336
2024-06-14,107.879997253418
2024-06-18,113.629997253418
2024-06-18,110.8600006103516
2024-06-19,112.9499969482422
2024-06-19,109.2099990844727
2024-06-20,114.1900024414062
2024-06-20,109.370002746582
2024-06-21,113.879997253418
2024-06-21,110.9000015258789
2024-06-24,115.6800003051758
2024-06-24,112.0400009155273
2024-06-25,113.5800018310547
2024-06-25,111.3499984741211
2024-06-26,114.4000015258789
2024-06-26,111.1999969482422
2024-06-27,113.4599990844727
2024-06-27,110.4000015258789
2024-06-28,114.0
2024-06-28,110.1999969482422
2024-07-01,117.75
2024-07-01,113.9599990844727
2024-07-02,126.0
2024-07-02,116.9899978637695
2024-07-03,128.0
2024-07-03,122.0199966430664
2024-07-04,124.6100006103516
2024-07-04,120.4599990844727
2024-07-05,124.1999969482422
2024-07-05,121.5999984741211
2024-07-08,123.129997253418
2024-07-08,120.1999969482422
2024-07-09,122.3199996948242
2024-07-09,118.4599990844727
2024-07-10,120.2900009155273
2024-07-10,114.0199966430664
2024-07-11,118.1999969482422
2024-07-11,115.4400024414062
2024-07-12,119.5999984741211
2024-07-12,116.5100021362305
2024-07-15,119.0500030517578
2024-07-15,114.4000015258789
2024-07-16,116.7399978637695
2024-07-16,113.5999984741211
2024-07-18,114.7699966430664
2024-07-18,112.0899963378906
2024-07-19,114.4499969482422
2024-07-19,111.2099990844727
2024-07-22,115.3899993896484
2024-07-22,111.5999984741211
2024-07-23,115.5999984741211
2024-07-23,111.8000030517578
2024-07-24,116.4000015258789
2024-07-24,114.0
2024-07-25,116.9800033569336
2024-07-25,110.6699981689453
2024-07-26,114.5999984741211
2024-07-26,112.6999969482422
2024-07-29,115.4000015258789
2024-07-29,114.2099990844727
2024-07-30,118.0
2024-07-30,115.1999969482422
2024-07-31,117.2200012207031
2024-07-31,114.6100006103516
2024-08-01,116.4700012207031
2024-08-01,114.0
2024-08-02,115.8199996948242
2024-08-02,113.0599975585938
2024-08-05,114.0
2024-08-05,107.620002746582
2024-08-06,110.4000015258789
2024-08-06,106.4899978637695
2024-08-07,111.1399993896484
2024-08-07,108.0199966430664
2024-08-08,109.7900009155273
2024-08-08,108.0100021362305
2024-08-09,110.75
2024-08-09,108.4199981689453
2024-08-12,109.8000030517578
2024-08-12,107.6399993896484
2024-08-13,109.25
2024-08-13,104.2200012207031
2024-08-14,105.629997253418
2024-08-14,103.0100021362305
2024-08-16,105.379997253418
2024-08-16,103.1999969482422
2024-08-19,107.0
2024-08-19,104.1100006103516
2024-08-20,116.4199981689453
2024-08-20,108.8499984741211
2024-08-21,113.8399963378906
2024-08-21,110.6999969482422
2024-08-22,113.2799987792969
2024-08-22,110.9800033569336
2024-08-23,114.1900024414062
2024-08-23,111.4199981689453
2024-08-26,115.5400009155273
2024-08-26,113.5999984741211
2024-08-27,116.4000015258789
2024-08-27,113.9100036621094
2024-08-28,115.7399978637695
2024-08-28,114.4199981689453
2024-08-29,115.0400009155273
2024-08-29,112.2200012207031
2024-08-30,114.1399993896484
2024-08-30,112.3000030517578
2024-09-02,116.3099975585938
2024-09-02,113.120002746582
2024-09-03,115.0
2024-09-03,113.1699981689453
2024-09-04,114.129997253418
2024-09-04,111.620002746582
2024-09-05,115.1999969482422
2024-09-05,113.120002746582
2024-09-06,115.6999969482422
2024-09-06,112.4000015258789
2024-09-09,114.0100021362305
2024-09-09,108.5400009155273
2024-09-10,118.3600006103516
2024-09-10,113.1900024414062
2024-09-11,118.4000015258789
2024-09-11,109.5999984741211
2024-09-12,110.75
2024-09-12,107.0500030517578
2024-09-13,111.25
2024-09-13,104.5999984741211
2024-09-16,107.5
2024-09-16,105.5999984741211
2024-09-17,108.0
2024-09-17,105.0999984741211
2024-09-18,108.5999984741211
2024-09-18,106.3000030517578
2024-09-19,108.8499984741211
2024-09-19,102.5500030517578
2024-09-20,106.5
2024-09-20,103.25
2024-09-23,106.4499969482422
2024-09-23,104.0999984741211
2024-09-24,106.9000015258789
2024-09-24,104.3000030517578
2024-09-25,106.5999984741211
2024-09-25,103.9499969482422
2024-09-26,106.5999984741211
2024-09-26,104.1999969482422
2024-09-27,107.3000030517578
2024-09-27,106.0
2024-09-30,106.8499984741211
2024-09-30,104.25
2024-10-01,106.9499969482422
2024-10-01,104.5
2024-10-03,105.3000030517578
2024-10-03,102.120002746582
2024-10-04,105.0699996948242
2024-10-04,101.0
2024-10-07,104.8000030517578
2024-10-07,98.5
2024-10-08,102.4199981689453
2024-10-08,98.55000305175781
2024-10-09,104.8000030517578
2024-10-09,101.2600021362305
2024-10-10,102.4800033569336
2024-10-10,100.5
2024-10-11,102.9000015258789
2024-10-11,100.75
2024-10-14,102.7799987792969
2024-10-14,100.9100036621094
2024-10-15,105.3000030517578
2024-10-15,101.6999969482422
2024-10-16,105.9000015258789
2024-10-16,101.5999984741211
2024-10-17,105.9000015258789
2024-10-17,102.0500030517578
2024-10-18,102.75
2024-10-18,100.0299987792969
2024-10-21,102.0
2024-10-21,99.0
2024-10-22,100.0800018310547
2024-10-22,96.16000366210938
2024-10-23,98.22000122070312
2024-10-23,94.41000366210938
2024-10-24,96.79000091552734
2024-10-24,93.4000015258789
2024-10-25,95.37000274658203
2024-10-25,92.05000305175781
2024-10-28,97.9800033569336
2024-10-28,92.44000244140625
2024-10-29,97.5999984741211
2024-10-29,95.3499984741211
2024-10-30,99.58999633789062
2024-10-30,96.9000015258789
2024-10-31,100.8000030517578
2024-10-31,98.45999908447266
2024-11-01,99.62999725341797
2024-11-01,99.62999725341797
2024-11-04,102.5899963378906
2024-11-04,98.30999755859375
2024-11-05,102.3000030517578
2024-11-05,95.69999694824219
2024-11-06,100.9000015258789
2024-11-06,99.0
2024-11-07,100.4000015258789
2024-11-07,98.0
2024-11-08,99.94999694824219
2024-11-08,96.80000305175781
2024-11-11,97.80000305175781
2024-11-11,96.30000305175781
2024-11-12,97.6500015258789
2024-11-12,94.9000015258789
2024-11-13,97.5
2024-11-13,92.69999694824219
2024-11-14,95.19000244140625
2024-11-14,93.01000213623047
2024-11-18,93.73999786376953
2024-11-18,90.44999694824219
2024-11-19,95.5
2024-11-19,91.36000061035156
2024-11-21,94.5
2024-11-21,91.0999984741211
2024-11-22,94.4000015258789
2024-11-22,92.38999938964844
2024-11-25,97.44999694824219
2024-11-25,94.4000015258789
2024-11-26,97.68000030517578
2024-11-26,96.05999755859375
2024-11-27,97.29000091552734
2024-11-27,93.80000305175781
2024-11-28,98.38999938964844
2024-11-28,96.18000030517578
2024-11-29,101.0
2024-11-29,97.0
2024-12-02,105.6999969482422
2024-12-02,97.55999755859375
2024-12-03,105.6999969482422
2024-12-03,101.2300033569336
2024-12-04,103.25
2024-12-04,99.44999694824219
2024-12-05,102.4100036621094
2024-12-05,100.25
2024-12-06,104.9000015258789
2024-12-06,100.7300033569336
2024-12-09,105.3600006103516
2024-12-09,101.620002746582
2024-12-10,102.8000030517578
2024-12-10,100.0999984741211
2024-12-11,103.0
2024-12-11,98.6500015258789
2024-12-12,101.5899963378906
2024-12-12,99.38999938964844
2024-12-13,100.4499969482422
2024-12-13,98.23999786376953
2024-12-16,107.9899978637695
2024-12-16,99.98999786376953
2024-12-17,107.9000015258789
2024-12-17,102.4100036621094
2024-12-18,104.0
2024-12-18,100.0
2024-12-19,103.7799987792969
2024-12-19,99.0
2024-12-20,102.2399978637695
2024-12-20,95.0999984741211
2024-12-23,99.12000274658203
2024-12-23,95.87999725341797
2024-12-24,97.79000091552734
2024-12-24,95.91999816894531
2024-12-26,97.5999984741211
2024-12-26,93.5999984741211
2024-12-27,96.0
2024-12-27,93.95999908447266
2024-12-30,95.73999786376953
2024-12-30,93.01000213623047
2024-12-31,94.75
2024-12-31,92.5199966430664
2025-01-01,96.19000244140625
2025-01-01,93.91000366210938
2025-01-02,96.36000061035156
2025-01-02,93.80999755859375
2025-01-03,96.4000015258789
2025-01-03,95.0
2025-01-06,94.79000091552734
2025-01-06,90.05000305175781
2025-01-07,97.01000213623047
2025-01-07,91.22000122070312
2025-01-08,94.94999694824219
2025-01-08,92.69999694824219
2025-01-09,93.69999694824219
2025-01-09,92.01000213623047
2025-01-10,92.97000122070312
2025-01-10,90.19999694824219
2025-01-13,90.76000213623047
2025-01-13,88.44000244140625
2025-01-14,90.9000015258789
2025-01-14,88.41999816894531
2025-01-15,90.8499984741211
2025-01-15,89.12999725341797
2025-01-16,91.80000305175781
2025-01-16,89.41999816894531
2025-01-17,90.4000015258789
2025-01-17,88.98999786376953
2025-01-20,90.41999816894531
2025-01-20,88.9000015258789
2025-01-21,91.5
2025-01-21,87.5999984741211
2025-01-22,89.19000244140625
2025-01-22,84.80000305175781
2025-01-23,89.72000122070312
2025-01-23,85.8499984741211
2025-01-24,89.08000183105469
2025-01-24,85.5
2025-01-27,85.95999908447266
2025-01-27,84.01000213623047
2025-01-28,86.73999786376953
2025-01-28,82.62000274658203
2025-01-29,86.98999786376953
2025-01-29,84.0
2025-01-30,86.72000122070312
2025-01-30,84.05000305175781
2025-01-31,87.5
2025-01-31,85.1500015258789
2025-02-01,87.80999755859375
2025-02-01,84.19999694824219
2025-02-03,88.0
2025-02-03,84.5999984741211
2025-02-04,87.0999984741211
2025-02-04,85.55000305175781
2025-02-05,87.98999786376953
2025-02-05,85.9000015258789
2025-02-06,89.0
2025-02-06,85.05000305175781
2025-02-07,88.19000244140625
2025-02-07,82.75
2025-02-10,85.08000183105469
2025-02-10,82.13999938964844
2025-02-11,83.36000061035156
2025-02-11,78.80000305175781
2025-02-12,84.37000274658203
2025-02-12,77.33999633789062
2025-02-13,84.55000305175781
2025-02-13,81.62000274658203
2025-02-14,82.47000122070312
2025-02-14,77.0
2025-02-17,80.7699966430664
2025-02-17,76.31999969482422
2025-02-18,79.0999984741211
2025-02-18,76.5
2025-02-19,79.16999816894531
2025-02-19,76.55000305175781
2025-02-20,80.0
2025-02-20,77.58999633789062
2025-02-21,80.94999694824219
2025-02-21,76.0
2025-02-24,80.79000091552734
2025-02-24,75.27999877929688
2025-02-25,82.9800033569336
2025-02-25,75.4000015258789
2025-02-27,77.12000274658203
2025-02-27,74.80000305175781
2025-02-28,76.44999694824219
2025-02-28,73.0199966430664
2025-03-03,76.0199966430664
2025-03-03,73.0
2025-03-04,74.97000122070312
2025-03-04,70.19999694824219
2025-03-05,75.0
2025-03-05,71.01000213623047
2025-03-06,75.48999786376953
2025-03-06,73.11000061035156
2025-03-07,76.4000015258789
2025-03-07,74.51000213623047
2025-03-10,76.0999984741211
2025-03-10,72.2699966430664
2025-03-11,73.58999633789062
2025-03-11,71.0999984741211
2025-03-12,72.25
2025-03-12,69.2699966430664
2025-03-13,71.3499984741211
2025-03-13,68.91999816894531
2025-03-17,70.7300033569336
2025-03-17,67.61000061035156
2025-03-18,67.9800033569336
2025-03-18,67.9800033569336
2025-03-19,71.12999725341797
2025-03-19,69.06999969482422
2025-03-20,72.44999694824219
2025-03-20,70.1500015258789
2025-03-21,73.58999633789062
2025-03-21,71.26000213623047
2025-03-24,73.5999984741211
2025-03-24,71.5
2025-03-25,73.55000305175781
2025-03-25,70.0999984741211
2025-03-26,72.0
2025-03-26,69.0
2025-03-27,72.02999877929688
2025-03-27,69.0
2025-03-28,73.66999816894531
2025-03-28,68.0999984741211
2025-04-01,75.04000091552734
2025-04-01,69.11000061035156
2025-04-02,75.38999938964844
2025-04-02,71.0
2025-04-03,74.55000305175781
2025-04-03,73.0
2025-04-04,74.6500015258789
2025-04-04,68.8499984741211
2025-04-07,72.0
2025-04-07,65.0999984741211
2025-04-08,71.88999938964844
2025-04-08,69.36000061035156
2025-04-09,71.4000015258789
2025-04-09,69.0
2025-04-11,71.58999633789062
2025-04-11,70.0
2025-04-15,74.19999694824219
2025-04-15,71.55000305175781
